Episode number;Time;Checkpoint;Hit;Direction;Speed;Acceleration;Step;CumulativeRew
1;6,472825;;-1 + -1 + -1 + -1 + -1 + -1 + -1 + -1 + -1 + -1 + ;5,443354;0,3281442;;367;2,7715
2;87,92815;2 + ;-1 + -1 + -1 + -1 + -1 + -1 + -1 + -1 + -1 + -1 + -1 + ;12,17069;1,054664;;384;12,22535
3;100,6418;;-1 + -1 + -1 + -1 + -1 + -1 + -1 + -1 + ;6,444155;0,397085;;266;3,84124
4;101,7628;;-1 + -1 + -1 + -1 + -1 + -1 + -1 + ;2,871372;0,2793953;;117;0,1507659
5;102,3225;;-1 + -1 + -1 + -1 + -1 + -1 + -1 + -1 + -1 + -1 + ;0,2471469;0,1308615;;183;-3,621991
6;102,9382;;-1 + -1 + -1 + -1 + -1 + -1 + -1 + -1 + -1 + -1 + -1 + ;10,32842;0,6978224;;317;8,026242
7;103,9811;;-1 + -1 + -1 + -1 + -1 + -1 + -1 + -1 + -1 + ;4,257755;0,1895967;;150;1,447352
8;104,6649;;-1 + -1 + -1 + ;7,800939;0,6847985;;283;5,485734
9;105,619;;-1 + ;17,04344;1,235629;;517;17,27907
10;107,32;;-1 + -1 + -1 + -1 + -1 + -1 + -1 + -1 + -1 + -1 + -1 + -1 + ;3,407972;0,3155171;;117;0,7234895
11;108,0382;;-1 + -1 + -1 + -1 + -1 + -1 + -1 + -1 + -1 + ;3,482888;0,3495971;;150;-0,167515
12;108,5891;;-1 + -1 + -1 + -1 + -1 + -1 + -1 + -1 + -1 + ;12,82074;0,9501566;;516;10,77089
13;110,1642;;-1 + -1 + -1 + -1 + -1 + ;0,1231526;0,1386618;;167;-1,738186
14;111,0797;;-1 + -1 + -1 + -1 + -1 + -1 + -1 + -1 + -1 + ;1,949647;0,1993099;;183;-0,8510435
15;111,7344;;-1 + -1 + -1 + ;2,806846;0,2608514;;167;0,06769705
16;112,3912;;-1 + -1 + -1 + -1 + -1 + -1 + -1 + -1 + -1 + ;0,8001351;0,1771844;;67;-2,022681
17;112,7292;;-1 + -1 + -1 + -1 + -1 + ;4,426433;0,2748355;;200;0,7012682
18;113,4052;;-1 + -1 + -1 + -1 + -1 + -1 + -1 + ;-1,036731;0,1644051;;100;-3,872326
19;113,8486;;-1 + -1 + -1 + -1 + -1 + -1 + -1 + -1 + -1 + -1 + ;4,963364;0,6306657;;150;2,594028
20;114,3551;;-1 + -1 + -1 + ;0,5639014;0,190958;;216;-2,245141
21;115,2565;;-1 + -1 + -1 + -1 + -1 + -1 + -1 + -1 + -1 + ;3,547566;0,2718304;;200;0,8193963
22;115,9942;2 + ;-1 + -1 + ;8,067074;0,8032079;;300;8,870277
23;116,9941;;-1 + -1 + -1 + -1 + -1 + -1 + -1 + -1 + -1 + -1 + -1 + -1 + -1 + ;5,152491;0,3549767;;250;2,507468
24;118,0277;;-1 + -1 + -1 + ;1,231277;0,1801061;;117;-1,588617
25;118,5515;;-1 + -1 + -1 + ;4,17626;0,302743;;200;1,479006
26;119,2044;;-1 + -1 + -1 + ;1,170335;0,2224233;;100;-1,607242
27;119,6658;;-1 + -1 + -1 + -1 + -1 + -1 + -1 + -1 + -1 + ;0,727761;0,1821035;;67;-2,090135
28;119,9641;;-1 + -1 + -1 + -1 + -1 + -1 + -1 + -1 + -1 + -1 + ;7,252805;0,4402682;;233;4,693077
29;120,738;;-1 + -1 + -1 + -1 + ;4,012804;0,2979454;;350;0,3107491
30;121,8579;2 + ;-1 + -1 + -1 + -1 + -1 + -1 + -1 + -1 + -1 + -1 + ;6,419367;0,7294158;;267;6,148787
31;122,8856;;-1 + -1 + -1 + -1 + -1 + -1 + ;2,750926;0,3468507;;250;-0,9022236
32;123,8497;;-1 + -1 + -1 + -1 + -1 + -1 + -1 + ;23,05732;1,372574;;783;20,42986
33;126,2907;;-1 + -1 + -1 + -1 + -1 + -1 + -1 + -1 + -1 + -1 + -1 + -1 + -1 + -1 + -1 + ;14,39054;0,6390554;;517;12,0296
34;128,2796;;-1 + -1 + -1 + -1 + -1 + -1 + -1 + ;2,733147;0,3072728;;200;0,04041934
35;129,3039;;-1 + -1 + -1 + -1 + -1 + ;1,871326;0,1984999;;83;0,06982565
36;129,7107;;-1 + -1 + -1 + -1 + -1 + -1 + -1 + -1 + -1 + -1 + -1 + -1 + -1 + -1 + ;2,765008;0,3644147;;167;-0,8705769
37;130,2327;;-1 + -1 + ;4,771636;0,2519898;;183;3,023626
38;130,9361;;-1 + -1 + -1 + -1 + ;2,015726;0,1971912;;233;-1,787082
39;131,78;;-1 + -1 + -1 + -1 + -1 + -1 + ;-0,8120212;0,1503536;;84;-3,661668
40;132,2314;;-1 + -1 + -1 + -1 + -1 + -1 + ;1,347734;0,2105432;;83;-1,441723
41;132,5526;;-1 + -1 + -1 + ;5,494083;0,4982162;;183;2,992301
42;133,1665;;-1 + -1 + ;-0,3541255;0,1968161;;100;-2,15731
43;133,6208;;-1 + -1 + -1 + -1 + ;0,05152932;0,1740809;;117;-1,77439
44;134,0324;;-1 + -1 + -1 + -1 + -1 + -1 + ;0,7993482;0,1732927;;117;-3,027359
45;134,505;;-1 + -1 + -1 + -1 + -1 + -1 + -1 + -1 + -1 + -1 + -1 + -1 + -1 + ;4,77618;0,2745212;;233;3,050702
46;135,2974;;-1 + -1 + -1 + -1 + -1 + -1 + -1 + -1 + -1 + -1 + -1 + ;9,144553;0,6433256;;267;6,787881
47;136,2247;;-1 + ;6,973491;0,422402;;200;6,395893
48;137,0602;;-1 + -1 + -1 + -1 + -1 + -1 + -1 + -1 + ;4,541685;0,2249626;;133;0,7666464
49;137,5864;;-1 + -1 + -1 + -1 + -1 + -1 + -1 + ;4,076914;0,21885;;100;0,2957644
50;137,9748;;-1 + -1 + -1 + -1 + -1 + -1 + -1 + -1 + -1 + -1 + -1 + -1 + ;-0,3606671;0,1555904;;67;-3,205077
51;138,2573;;-1 + -1 + -1 + -1 + -1 + -1 + -1 + -1 + -1 + -1 + -1 + -1 + ;6,972324;0,4667465;;416;3,43907
52;139,5024;;-1 + -1 + -1 + ;4,660039;0,4789348;;150;2,138976
53;140,231;;-1 + -1 + -1 + -1 + ;4,003603;0,3585549;;184;1,362158
54;140,8929;;-1 + -1 + -1 + -1 + -1 + ;3,712171;0,2027656;;166;-0,08506322
55;141,5331;;-1 + -1 + -1 + -1 + ;7,58262;0,6271288;;317;6,20975
56;142,5468;2 + ;-1 + -1 + -1 + -1 + -1 + -1 + -1 + ;8,329995;0,6149376;;250;7,944931
57;143,4936;;-1 + -1 + -1 + ;4,34491;0,4584984;;133;1,803408
58;144,0688;;-1 + -1 + -1 + -1 + -1 + -1 + -1 + -1 + -1 + ;2,960043;0,2631612;;334;2,223205
59;145,133;;-1 + -1 + -1 + -1 + -1 + -1 + -1 + -1 + -1 + -1 + -1 + -1 + -1 + -1 + -1 + ;10,6831;0,6050755;;350;8,288181
60;146,3751;;-1 + -1 + -1 + -1 + -1 + -1 + -1 + ;2,510763;0,1736545;;433;0,6844182
61;147,8977;;-1 + -1 + -1 + -1 + ;2,331553;0,1644538;;83;-1,503993
62;148,5299;;-1 + -1 + -1 + -1 + -1 + ;1,464859;0,2128008;;100;-0,3223408
63;148,8979;2 + ;-1 + -1 + ;17,14447;1,033316;;567;18,17779
64;150,5233;;-1 + -1 + -1 + -1 + -1 + -1 + -1 + ;5,131382;0,3052982;;217;2,436681
65;151,567;;-1 + -1 + -1 + -1 + -1 + -1 + ;3,736561;0,2685884;;183;1,005149
66;152,2844;;-1 + -1 + -1 + -1 + -1 + -1 + -1 + -1 + ;0,1198122;0,2326099;;133;-3,647578
67;152,7827;;-1 + -1 + -1 + -1 + -1 + -1 + -1 + -1 + -1 + -1 + -1 + ;-0,5238753;0,1683302;;100;-3,355545
68;153,2166;;-1 + -1 + -1 + -1 + -1 + -1 + -1 + -1 + ;1,924745;0,2499002;;134;-0,8253543
69;153,696;;-1 + -1 + -1 + -1 + -1 + -1 + -1 + -1 + ;2,208897;0,1361996;;400;1,345097
70;154,9401;;-1 + -1 + -1 + ;4,510771;0,237831;;150;1,748602
71;155,6599;;-1 + -1 + -1 + -1 + -1 + ;4,327482;0,2473641;;133;-0,4251547
72;156,1538;;-1 + -1 + ;5,659731;0,5728832;;200;4,232615
73;156,8023;;-1 + -1 + -1 + ;1,620493;0,2460971;;67;-1,13341
74;157,1629;;-1 + -1 + -1 + -1 + -1 + -1 + -1 + -1 + -1 + -1 + -1 + -1 + -1 + -1 + ;2,162136;0,2169372;;116;-0,6209264
75;157,5695;;-1 + -1 + -1 + -1 + -1 + -1 + -1 + ;4,872148;0,3629268;;184;2,235075
76;158,2107;;-1 + ;2,419549;0,2846446;;116;1,704194
77;158,6945;;-1 + -1 + -1 + -1 + -1 + -1 + -1 + -1 + -1 + ;0,1983238;0,1945201;;84;-2,607156
78;159,0339;;-1 + -1 + -1 + -1 + ;7,054246;0,4696742;;250;4,523919
79;159,8509;;-1 + -1 + -1 + -1 + -1 + ;5,199789;0,6165268;;166;3,816316
80;160,7304;;-1 + -1 + ;6,402606;0,3923318;;400;5,794932
81;161,965;;-1 + -1 + -1 + -1 + -1 + -1 + ;5,475307;0,4570261;;267;2,932332
82;163,0503;;-1 + -1 + -1 + -1 + -1 + -1 + -1 + ;2,978226;0,2683025;;183;0,2465286
83;163,7701;;-1 + -1 + -1 + -1 + ;4,52463;0,4591936;;134;0,9838252
84;164,3151;;-1 + -1 + -1 + -1 + -1 + ;9,005607;0,6853566;;566;6,690962
85;165,9876;;-1 + -1 + -1 + -1 + -1 + -1 + -1 + -1 + -1 + ;4,430084;0,3222899;;167;0,7523761
86;166,946;;-1 + -1 + -1 + -1 + -1 + -1 + -1 + -1 + -1 + -1 + ;-1,1273;0,153406;;183;-3,973893
87;167,6618;;-1 + ;7,48775;0,5672007;;317;7,054949
88;168,6747;;-1 + -1 + ;1,731614;0,224026;;150;-0,04435992
89;169,3172;;-1 + -1 + -1 + ;5,847455;0,5332989;;250;3,380755
90;170,1379;;-1 + -1 + -1 + -1 + -1 + -1 + -1 + -1 + ;10,77913;0,9170718;;333;7,696195
91;171,2337;;-1 + ;0,4225918;0,1664171;;250;-0,4109917
92;172,2035;;-1 + -1 + -1 + -1 + -1 + -1 + ;3,279884;0,3353312;;134;0,6152143
93;172,7811;;-1 + -1 + -1 + -1 + -1 + -1 + ;8,014825;0,568654;;216;5,583482
94;173,5349;;-1 + -1 + -1 + -1 + -1 + -1 + -1 + -1 + ;0,1385942;0,182622;;67;-2,678784
95;173,8972;;-1 + -1 + -1 + -1 + -1 + -1 + ;5,171954;0,3179617;;167;1,489917
96;174,4219;;-1 + -1 + -1 + -1 + ;2,36348;0,2984578;;100;-0,3380628
97;174,8812;;-1 + -1 + -1 + -1 + -1 + -1 + -1 + -1 + ;6,373787;0,5976877;;200;2,971473
98;175,547;;-1 + -1 + -1 + ;2,478205;0,2296468;;133;-0,2921493
99;176,0825;;-1 + -1 + -1 + -1 + ;4,705931;0,3699917;;183;3,075921
100;176,6929;;-1 + ;6,945555;0,6000478;;300;6,545603
101;177,6917;;-1 + -1 + -1 + -1 + -1 + -1 + -1 + ;3,80595;0,5144722;;134;1,320419
102;178,3123;;-1 + -1 + -1 + -1 + -1 + -1 + -1 + -1 + -1 + -1 + -1 + -1 + -1 + ;-0,07436198;0,1860563;;100;-2,888306
103;178,733;;-1 + -1 + -1 + -1 + -1 + -1 + -1 + -1 + ;9,585274;0,5887932;;333;7,17407
104;179,7699;;-1 + -1 + -1 + -1 + ;2,543128;0,3521541;;83;-1,104717
105;180,3258;;-1 + -1 + -1 + -1 + -1 + -1 + -1 + -1 + ;2,383237;0,2271706;;167;-0,3895934
106;180,8934;;-1 + -1 + -1 + -1 + -1 + -1 + -1 + -1 + -1 + -1 + -1 + ;1,85593;0,2745114;;83;-4,869559
107;181,2748;;-1 + -1 + -1 + -1 + -1 + -1 + -1 + -1 + -1 + ;3,174779;0,3692485;;117;1,544027
108;181,6782;;-1 + -1 + -1 + -1 + -1 + -1 + -1 + -1 + -1 + ;14,54811;0,8774949;;417;11,42562
109;182,9105;;-1 + -1 + -1 + -1 + -1 + -1 + -1 + -1 + -1 + -1 + -1 + -1 + -1 + ;2,309654;0,2047456;;150;0,5143988
110;183,6669;;-1 + -1 + -1 + -1 + -1 + -1 + -1 + -1 + -1 + ;4,28709;0,2838953;;116;1,570985
111;184,1282;;-1 + -1 + -1 + -1 + -1 + -1 + -1 + -1 + -1 + -1 + -1 + ;2,786274;0,1569758;;84;-0,05674958
112;184,4626;;-1 + -1 + -1 + -1 + -1 + -1 + -1 + -1 + ;1,47307;0,2122463;;83;-0,3146843
113;184,7837;;-1 + -1 + -1 + -1 + -1 + -1 + -1 + -1 + -1 + -1 + -1 + -1 + -1 + ;7,524007;0,4430057;;317;4,967012
114;185,7517;;-1 + -1 + -1 + -1 + -1 + -1 + ;4,253177;0,4308251;;133;3,684003
115;186,4228;;-1 + -1 + -1 + -1 + -1 + -1 + -1 + -1 + -1 + -1 + -1 + -1 + ;2,564789;0,2474762;;117;-0,1877351
116;186,8925;2 + ;-1 + -1 + -1 + -1 + -1 + -1 + ;12,7637;1,007892;;316;12,7716
117;187,8874;;-1 + -1 + -1 + -1 + -1 + -1 + -1 + -1 + -1 + ;1,220499;0,2101057;;84;-1,569396
118;188,4768;;-1 + ;1,395165;0,2046984;;100;0,5998635
119;188,8733;;-1 + -1 + -1 + -1 + -1 + -1 + -1 + ;3,657359;0,425936;;83;3,083295
120;189,224;;-1 + -1 + -1 + ;2,469601;0,3077245;;83;-0,2226741
121;189,5322;;-1 + -1 + -1 + -1 + ;1,944008;0,23599;;117;-0,8200021
122;189,999;;-1 + -1 + -1 + -1 + -1 + -1 + ;12,36333;0,9936782;;283;10,35701
123;190,939;;-1 + -1 + -1 + -1 + ;4,207572;0,4716308;;134;0,6792021
124;191,557;;-1 + -1 + -1 + -1 + -1 + -1 + ;1,316409;0,1822409;;66;-0,5013504
125;191,8831;;-1 + -1 + -1 + -1 + -1 + -1 + -1 + -1 + -1 + -1 + -1 + ;0,08084439;0,162481;;67;-2,756675
126;192,1156;;-1 + -1 + -1 + -1 + -1 + -1 + ;6,865875;0,6762267;;200;4,542099
127;192,775;;-1 + -1 + -1 + -1 + -1 + -1 + -1 + -1 + -1 + -1 + -1 + -1 + -1 + -1 + -1 + -1 + -1 + -1 + -1 + -1 + ;3,522745;0,3453074;;117;0,8680527
128;193,2719;;-1 + -1 + -1 + -1 + -1 + -1 + -1 + ;3,74815;0,4686355;;100;0,216785
129;193,6762;;-1 + -1 + -1 + -1 + -1 + -1 + -1 + ;1,411244;0,2021354;;83;-1,386621
130;194,0022;;-1 + -1 + -1 + -1 + -1 + -1 + -1 + -1 + -1 + ;2,092627;0,2400268;;133;-0,667346
131;194,428;;-1 + -1 + -1 + -1 + -1 + -1 + ;1,72286;0,2285277;;150;-0,04861248
132;194,968;;-1 + -1 + -1 + -1 + -1 + -1 + -1 + -1 + -1 + ;5,333747;0,6660773;;134;2,999825
133;195,4861;;-1 + -1 + -1 + ;4,467522;0,5216703;;133;1,989192
134;196,026;;-1 + -1 + -1 + ;2,715035;0,3726847;;83;0,08771992
135;196,38;;-1 + -1 + -1 + -1 + -1 + -1 + -1 + -1 + -1 + ;2,646853;0,3265494;;84;0,9734032
136;196,7057;;-1 + -1 + -1 + -1 + -1 + -1 + -1 + ;-1,356564;0,1841494;;150;-4,172415
137;197,292;;-1 + -1 + -1 + -1 + -1 + -1 + -1 + -1 + -1 + ;1,731642;0,2202061;;100;-2,048152
138;197,7005;;-1 + ;3,10593;0,4262666;;133;2,532197
139;198,1483;;-1 + -1 + -1 + -1 + -1 + -1 + -1 + -1 + -1 + ;5,391431;0,7207654;;167;4,112196
140;198,707;;-1 + -1 + -1 + -1 + -1 + -1 + -1 + ;4,33272;0,2912063;;100;0,6239262
141;199,156;;-1 + -1 + -1 + -1 + -1 + -1 + ;6,051589;0,6480707;;150;3,69966
142;199,6849;;-1 + -1 + -1 + -1 + ;1,975625;0,2504566;;83;-1,773918
143;200,066;;-1 + -1 + -1 + -1 + -1 + -1 + -1 + -1 + -1 + -1 + -1 + -1 + ;0,9656493;0,1607254;;67;-1,873625
144;200,3098;;-1 + -1 + ;4,108614;0,5609527;;116;2,669566
145;200,7542;;-1 + -1 + -1 + -1 + -1 + -1 + -1 + -1 + -1 + -1 + -1 + ;3,740605;0,4736332;;100;2,214239
146;201,1485;;-1 + -1 + -1 + -1 + -1 + -1 + -1 + -1 + ;3,853422;0,4260403;;117;1,279462
147;201,5919;;-1 + -1 + -1 + -1 + -1 + -1 + -1 + ;2,1363;0,2631814;;83;-0,6005182
148;201,9197;;-1 + -1 + -1 + -1 + -1 + -1 + -1 + -1 + ;4,855047;0,4767173;;117;1,331766
149;202,3808;;-1 + -1 + -1 + -1 + -1 + -1 + -1 + -1 + -1 + -1 + ;1,485069;0,3010266;;167;-1,213905
150;202,9407;;-1 + -1 + -1 + -1 + -1 + -1 + -1 + -1 + -1 + -1 + -1 + ;0,8047041;0,1776545;;83;-6,017642
151;203,3514;;-1 + -1 + -1 + -1 + -1 + -1 + ;3,092087;0,4904538;;100;-2,417459
152;203,6818;;-1 + -1 + -1 + -1 + -1 + -1 + ;2,568751;0,2470355;;133;-0,1842139
153;204,1396;;-1 + -1 + -1 + ;2,653841;0,3299378;;84;-0,01622009
154;204,5008;;-1 + -1 + -1 + -1 + -1 + ;4,113367;0,4563811;;133;1,569747
155;204,949;;-1 + -1 + -1 + -1 + -1 + -1 + ;1,480314;0,2321289;;67;-1,287557
156;205,2355;;-1 + -1 + -1 + -1 + ;0,6678899;0,1855305;;66;-2,14658
157;205,5036;;-1 + -1 + ;-0,3531535;0,1956571;;117;-2,157496
158;205,9117;;-1 + -1 + -1 + -1 + -1 + -1 + -1 + -1 + -1 + -1 + -1 + ;4,834407;0,4348875;;200;3,269296
159;206,5906;;-1 + -1 + -1 + -1 + -1 + -1 + -1 + -1 + -1 + -1 + -1 + ;3,01525;0,3443643;;117;0,3596141
160;207,0864;;-1 + -1 + -1 + -1 + -1 + -1 + -1 + -1 + ;5,250238;0,8074669;;133;3,057707
161;207,5776;;-1 + -1 + -1 + -1 + -1 + -1 + -1 + -1 + -1 + -1 + -1 + -1 + -1 + ;5,77457;0,6595591;;167;2,43413
162;208,154;;-1 + -1 + -1 + -1 + -1 + -1 + -1 + ;5,000684;0,3844658;;150;3,38515
163;208,7473;;-1 + -1 + -1 + -1 + -1 + -1 + ;0,4985123;0,1744931;;83;-2,326994
164;209,1304;;-1 + -1 + -1 + -1 + -1 + -1 + ;4,659616;0,4238436;;133;-0,9165378
165;209,5579;;-1 + -1 + -1 + -1 + ;1,714944;0,2614352;;84;-2,02362
166;209,9251;;-1 + -1 + -1 + -1 + -1 + -1 + -1 + -1 + -1 + -1 + -1 + ;5,394861;0,7006344;;216;-0,9045043
167;210,6453;;-1 + -1 + -1 + -1 + -1 + -1 + -1 + -1 + -1 + -1 + ;3,861943;0,4611258;;117;-1,676931
168;211,1439;;-1 + -1 + -1 + -1 + ;1,225869;0,2103146;;67;-2,563816
169;211,4278;;-1 + -1 + -1 + -1 + -1 + -1 + ;3,866552;0,505626;;116;-0,627821
170;211,8464;;-1 + -1 + -1 + -1 + ;5,221101;0,4380931;;167;4,659193
171;212,4057;;-1 + -1 + -1 + -1 + ;6,427896;0,4488811;;250;5,876775
172;213,2283;;-1 + -1 + -1 + -1 + -1 + -1 + -1 + ;2,837691;0,3500371;;100;0,187727
173;213,7073;;-1 + -1 + -1 + -1 + -1 + -1 + -1 + ;0,3191323;0,1694379;;67;-2,51143
174;213,9951;;-1 + -1 + -1 + -1 + -1 + -1 + -1 + ;2,682975;0,3829971;;83;-3,934028
175;214,3135;;-1 + -1 + -1 + -1 + -1 + -1 + -1 + -1 + -1 + -1 + -1 + -1 + -1 + -1 + -1 + ;5,209427;0,6241808;;150;0,8336086
176;214,7959;;-1 + -1 + -1 + -1 + -1 + -1 + -1 + -1 + -1 + -1 + -1 + -1 + ;4,58633;0,5450819;;117;2,131413
177;215,2566;;-1 + -1 + -1 + -1 + -1 + -1 + -1 + -1 + ;3,751446;0,3390248;;116;2,090472
178;215,7071;;-1 + -1 + -1 + -1 + -1 + -1 + -1 + -1 + -1 + -1 + -1 + -1 + -1 + -1 + -1 + -1 + -1 + ;4,166583;0,4970565;;150;1,663641
179;216,2124;;-1 + -1 + -1 + -1 + -1 + -1 + -1 + -1 + -1 + -1 + -1 + ;1,516822;0,1988274;;84;-1,284351
180;216,6057;2 + ;-1 + -1 + -1 + -1 + -1 + -1 + -1 + -1 + -1 + -1 + -1 + ;7,375111;0,7554107;;183;6,130522
181;217,2348;;-1 + -1 + -1 + ;6,491526;0,2795595;;217;3,771085
182;218,0271;2 + ;-1 + -1 + -1 + -1 + -1 + -1 + -1 + -1 + -1 + -1 + ;6,945961;0,7596787;;183;5,705639
183;218,7281;;-1 + -1 + -1 + -1 + -1 + -1 + ;0,1662137;0,1891704;;183;-2,644616
184;219,3777;;-1 + -1 + -1 + ;4,360928;0,6247323;;117;1,98566
185;219,8632;;-1 + -1 + -1 + ;1,458327;0,2526255;;67;-1,289048
186;220,1483;;-1 + -1 + -1 + -1 + -1 + -1 + -1 + -1 + -1 + ;2,207451;0,300407;;83;-0,4921417
187;220,4666;;-1 + -1 + -1 + -1 + -1 + -1 + -1 + ;2,169244;0,2351978;;100;-0,5955586
188;220,8124;;-1 + -1 + -1 + -1 + ;6,830437;0,7716918;;183;3,602129
189;221,3925;;-1 + -1 + -1 + -1 + -1 + -1 + -1 + -1 + -1 + -1 + -1 + -1 + -1 + ;1,04498;0,1922507;;84;-1,762769
190;221,8196;;-1 + -1 + -1 + -1 + -1 + -1 + ;2,746035;0,1778736;;83;0,9239082
191;222,1554;;-1 + -1 + -1 + -1 + -1 + -1 + ;1,722949;0,2781848;;67;-0,9988656
192;222,4337;;-1 + -1 + ;1,583267;0,2160516;;83;-0,2006811
193;222,7745;;-1 + -1 + -1 + -1 + -1 + -1 + -1 + -1 + -1 + ;2,515182;0,3664609;;100;-0,1183584
194;223,13;;-1 + -1 + -1 + -1 + ;2,00951;0,3287006;;100;-1,66179
195;223,4995;;-1 + -1 + -1 + -1 + -1 + -1 + -1 + -1 + -1 + -1 + -1 + -1 + -1 + -1 + ;4,264503;0,3184887;;150;1,582992
196;223,999;;-1 + -1 + -1 + -1 + -1 + -1 + -1 + -1 + ;2,272801;0,3187526;;83;0,5915544
197;224,4135;;-1 + -1 + -1 + ;2,558499;0,265719;;100;-0,1757822
198;224,8372;;-1 + -1 + -1 + -1 + -1 + -1 + -1 + -1 + -1 + -1 + -1 + ;0,5636108;0,134467;;84;-4,301922
199;225,1777;;-1 + -1 + -1 + -1 + -1 + -1 + -1 + -1 + -1 + -1 + -1 + -1 + -1 + -1 + ;0,9837453;0,1857262;;100;-0,8305287
200;225,5453;;-1 + -1 + -1 + -1 + -1 + -1 + -1 + -1 + -1 + -1 + -1 + -1 + ;0,8491971;0,1726968;;100;-1,978106
201;225,9305;2 + ;-1 + -1 + -1 + -1 + ;4,903475;0,7656312;;133;5,669108
202;226,3776;;-1 + -1 + -1 + -1 + -1 + ;2,624192;0,2494513;;100;-2,126356
203;226,742;;-1 + -1 + -1 + -1 + -1 + -1 + -1 + ;0,6448108;0,1669939;;83;-6,188195
204;227,1161;;-1 + -1 + -1 + -1 + -1 + -1 + -1 + -1 + -1 + -1 + -1 + -1 + -1 + ;2,543389;0,3144328;;150;-1,142178
205;227,6382;;-1 + -1 + -1 + -1 + -1 + -1 + ;1,931193;0,2550058;;84;-1,8138
206;228,0469;;-1 + -1 + -1 + -1 + -1 + ;4,016444;0,5558622;;116;1,572306
207;228,4665;;-1 + -1 + -1 + -1 + -1 + -1 + -1 + -1 + -1 + -1 + -1 + -1 + -1 + ;2,681643;0,3831228;;84;0,06476474
208;228,8134;;-1 + -1 + -1 + -1 + -1 + -1 + -1 + -1 + -1 + ;1,762514;0,2082771;;100;-0,02920794
209;229,195;;-1 + -1 + -1 + -1 + -1 + ;2,275996;0,3824587;;100;-2,341545
210;229,5791;;-1 + -1 + -1 + -1 + -1 + -1 + -1 + -1 + ;2,379306;0,4271385;;133;-1,193555
211;230,0331;;-1 + -1 + -1 + -1 + -1 + -1 + -1 + -1 + -1 + ;3,23523;0,4357983;;117;0,6710274
212;230,4688;;-1 + -1 + ;1,020429;0,2059686;;66;-0,7736033
213;230,7802;;-1 + -1 + -1 + -1 + -1 + -1 + -1 + -1 + -1 + -1 + -1 + -1 + -1 + ;5,673789;0,6705796;;134;1,344368
214;231,2381;;-1 + -1 + -1 + -1 + -1 + ;0,7130158;0,1696591;;66;-2,117325
215;231,5827;;-1 + ;1,015617;0,2030435;;67;0,2186608
216;231,8022;;-1 + -1 + -1 + -1 + -1 + -1 + -1 + -1 + -1 + ;3,228892;0,2585711;;83;-2,512537
217;232,1172;;-1 + -1 + -1 + -1 + ;2,914932;0,3266037;;117;-0,7584639
218;232,5516;;-1 + -1 + -1 + -1 + -1 + -1 + -1 + ;1,489586;0,2502636;;67;-2,26015
219;232,849;;-1 + -1 + -1 + -1 + -1 + -1 + -1 + -1 + -1 + -1 + ;5,074629;0,516692;;133;2,591321
220;233,3394;;-1 + -1 + -1 + -1 + -1 + -1 + ;5,482071;0,398525;;167;3,880596
221;233,8923;;-1 + -1 + -1 + -1 + -1 + -1 + -1 + -1 + -1 + -1 + ;4,448761;0,3207931;;183;0,7695518
222;234,5887;2 + ;-1 + -1 + -1 + -1 + -1 + -1 + -1 + -1 + -1 + ;10,27333;1,973287;;283;11,24661
223;235,5015;;-1 + -1 + -1 + -1 + -1 + -1 + -1 + -1 + -1 + -1 + -1 + -1 + -1 + -1 + -1 + -1 + ;3,178123;0,350457;;117;-1,47142
224;236,0715;;-1 + -1 + -1 + ;4,35045;0,3172003;;100;1,667651
225;236,4381;;-1 + -1 + -1 + -1 + -1 + -1 + -1 + ;4,230254;0,3917257;;183;1,62198
226;237,0512;;-1 + -1 + -1 + -1 + ;4,480254;0,6226351;;117;1,102889
227;237,5485;;-1 + -1 + -1 + -1 + ;2,674763;0,4180219;;100;-0,9072144
228;237,914;;-1 + -1 + -1 + -1 + -1 + ;-0,4745404;0,1833805;;133;-2,29116
229;238,3765;;-1 + -1 + -1 + -1 + -1 + -1 + -1 + -1 + -1 + ;3,768535;0,2780153;;200;1,046551
230;239,0919;;-1 + -1 + -1 + -1 + -1 + -1 + -1 + -1 + -1 + -1 + -1 + -1 + ;2,24672;0,2403703;;117;-0,5129089
231;239,581;;-1 + -1 + -1 + ;4,940477;0,6151928;;117;2,555669
232;240,0157;;-1 + -1 + -1 + -1 + -1 + ;3,789772;0,4955724;;100;1,285345
233;240,4818;;-1 + -1 + ;4,327465;0,3381279;;166;2,665594
234;241,0127;;-1 + -1 + -1 + -1 + -1 + -1 + -1 + -1 + ;3,675185;0,2123133;;100;1,887498
235;241,4403;;-1 + -1 + -1 + -1 + ;2,273145;0,2753342;;100;-1,451521
236;241,8053;;-1 + -1 + -1 + -1 + -1 + -1 + ;2,231055;0,3561271;;84;-0,4128177
237;242,133;;-1 + ;0,6325533;0,2055969;;83;-0,1618499
238;242,4505;;-1 + ;3,126544;0,3515319;;117;2,478077
239;242,8213;;-1 + -1 + -1 + -1 + -1 + -1 + -1 + -1 + ;1,360725;0,2301819;;66;-1,409094
240;243,1475;;-1 + -1 + -1 + -1 + -1 + -1 + ;12,09969;0,8829648;;350;9,982659
241;244,1646;;-1 + -1 + -1 + ;2,776064;0,2135774;;100;-0,01035881
242;244,7274;;-1 + -1 + -1 + ;3,588203;0,2682917;;134;0,8564951
243;245,1921;;-1 + -1 + -1 + ;4,714439;0,5792615;;116;2,293701
244;245,6496;;-1 + -1 + -1 + -1 + -1 + -1 + -1 + ;1,580292;0,2404726;;67;0,8207647
245;245,935;;-1 + -1 + -1 + ;2,025676;0,2629483;;83;-0,711376
246;246,2176;;-1 + -1 + ;3,441369;0,4173983;;84;1,858767
247;246,5874;;-1 + -1 + -1 + -1 + -1 + -1 + -1 + -1 + -1 + -1 + ;4,796813;0,6900491;;133;3,486864
248;247,0745;;-1 + -1 + -1 + -1 + -1 + -1 + -1 + -1 + -1 + -1 + ;3,025771;0,2605821;;133;0,2863538
249;247,5528;;-1 + -1 + -1 + -1 + -1 + -1 + -1 + ;4,049912;0,3512826;;100;0,401196
250;247,958;;-1 + -1 + -1 + -1 + -1 + -1 + ;2,687152;0,2166725;;67;-0,09617519
251;248,2377;;-1 + -1 + -1 + -1 + -1 + -1 + -1 + -1 + -1 + ;7,926461;0,9165159;;183;5,842978
252;248,801;;-1 + -1 + -1 + -1 + -1 + -1 + -1 + -1 + -1 + -1 + -1 + ;2,264643;0,3266457;;84;-0,4087126
253;249,2109;;-1 + -1 + -1 + -1 + -1 + -1 + ;3,787292;0,6933803;;133;-1,519328
254;249,6597;;-1 + -1 + -1 + ;1,949192;0,3078902;;67;-0,7429171
255;250,121;2 + ;-1 + -1 + ;5,901896;1,017424;;150;6,919319
256;250,6635;;-1 + -1 + -1 + -1 + -1 + ;4,184788;0,5741853;;116;2,758974
257;251,1208;;-1 + -1 + -1 + -1 + ;0,8970235;0,1730651;;67;-2,929912
258;251,4241;;-1 + -1 + -1 + -1 + -1 + ;3,511012;0,4712808;;100;0,9822919
259;251,7553;;-1 + -1 + -1 + -1 + -1 + -1 + -1 + -1 + ;2,207974;0,2378961;;83;0,4458697
260;252,0857;;-1 + -1 + -1 + -1 + -1 + -1 + ;4,956707;0,5663199;;134;2,523028
261;252,5569;;-1 + -1 + -1 + -1 + -1 + -1 + ;3,706473;0,4278025;;100;2,134275
262;252,9613;;-1 + ;3,281406;0,2614873;;83;2,542894
263;253,2782;;-1 + -1 + -1 + -1 + -1 + -1 + -1 + -1 + -1 + ;3,728101;0,4177353;;83;0,1458364
264;253,5542;;-1 + -1 + -1 + -1 + -1 + -1 + ;3,775809;0,3344924;;84;0,1103015
265;253,8922;;-1 + -1 + -1 + ;1,904627;0,1789252;;50;-0,9164476
266;254,1303;;-1 + -1 + -1 + -1 + -1 + ;2,503965;0,1840089;;66;0,6879742
267;254,3873;;-1 + -1 + -1 + -1 + -1 + -1 + -1 + ;2,444853;0,3520881;;84;-4,203059
268;254,6927;2 + ;-1 + -1 + -1 + -1 + -1 + -1 + -1 + -1 + -1 + -1 + ;9,77294;1,533605;;233;11,30654
269;255,4421;;-1 + -1 + -1 + -1 + -1 + -1 + -1 + ;1,432494;0,26581;;67;-1,301696
270;255,8091;;-1 + -1 + -1 + -1 + -1 + -1 + -1 + -1 + ;4,75987;0,7527318;;133;2,512604
271;256,2905;;-1 + -1 + -1 + -1 + -1 + -1 + -1 + -1 + -1 + ;3,215715;0,3860611;;100;0,6017764
272;256,6805;;-1 + -1 + -1 + -1 + -1 + -1 + -1 + -1 + ;5,882435;0,714621;;150;2,597056
273;257,2235;;-1 + -1 + -1 + -1 + -1 + -1 + -1 + -1 + ;2,854255;0,3321408;;100;2,186397
274;257,651;;-1 + -1 + -1 + -1 + ;1,320146;0,2342078;;67;-2,445646
275;257,9409;;-1 + -1 + ;3,570811;0,5393854;;100;2,110197
276;258,3151;;-1 + -1 + -1 + -1 + -1 + -1 + -1 + -1 + ;2,355587;0,3088885;;83;-0,3355243
277;258,6556;;-1 + -1 + -1 + -1 + -1 + -1 + -1 + -1 + -1 + -1 + -1 + ;2,100799;0,2519999;;83;-0,6472011
278;258,9415;;-1 + -1 + -1 + -1 + -1 + -1 + -1 + -1 + -1 + ;5,840378;0,6104296;;150;3,450808
279;259,493;;-1 + -1 + -1 + -1 + -1 + ;2,987402;0,2689677;;117;1,256371
280;259,9536;;-1 + -1 + -1 + ;1,150666;0,2104953;;67;-1,638839
281;260,2414;;-1 + -1 + -1 + -1 + -1 + -1 + -1 + -1 + -1 + -1 + -1 + ;0,1331072;0,2157564;;133;-3,651136
282;260,7199;;-1 + -1 + -1 + -1 + -1 + -1 + -1 + -1 + -1 + -1 + -1 + -1 + -1 + -1 + -1 + -1 + -1 + ;4,775134;0,4261611;;150;3,201295
283;261,2415;;-1 + -1 + -1 + -1 + -1 + ;8,3165;0,6222702;;350;5,938766
284;262,3597;;-1 + -1 + -1 + -1 + -1 + -1 + -1 + -1 + -1 + -1 + -1 + -1 + -1 + ;1,579054;0,1986224;;150;-1,222324
285;263,0518;;-1 + -1 + -1 + -1 + -1 + -1 + -1 + -1 + -1 + ;2,82302;0,2100068;;67;0,03302693
286;263,3925;;-1 + -1 + -1 + -1 + -1 + -1 + -1 + -1 + -1 + -1 + ;3,805451;0,3118363;;100;0,1172872
287;263,8091;;-1 + -1 + -1 + -1 + -1 + -1 + ;2,488872;0,319624;;83;0,8084965
288;264,2307;;-1 + -1 + -1 + -1 + ;2,613856;0,3216494;;83;-1,064494
289;264,5648;;-1 + -1 + -1 + ;2,653343;0,4599305;;84;0,1132734
290;264,9089;;-1 + -1 + -1 + -1 + -1 + -1 + -1 + -1 + ;4,217738;0,598367;;100;2,816105
291;265,297;;-1 + -1 + -1 + -1 + -1 + -1 + -1 + -1 + -1 + -1 + -1 + -1 + -1 + -1 + -1 + ;1,753261;0,2182117;;100;-1,028528
292;265,6668;;-1 + -1 + -1 + -1 + -1 + -1 + -1 + -1 + -1 + -1 + ;-0,85653;0,1405405;;133;-2,71599
293;266,1227;;-1 + -1 + -1 + ;1,88206;0,2874623;;67;-0,8304772
294;266,4045;;-1 + -1 + -1 + -1 + -1 + -1 + -1 + -1 + ;3,277781;0,3528667;;100;-0,3693526
295;266,7714;;-1 + -1 + -1 + -1 + -1 + -1 + -1 + -1 + -1 + -1 + ;11,50698;2,050506;;266;10,5575
296;267,6318;;-1 + -1 + -1 + -1 + -1 + ;3,471741;0,460613;;117;2,932353
297;268,1634;;-1 + -1 + -1 + -1 + -1 + -1 + -1 + ;0,7396541;0,231997;;167;-3,028349
298;268,7222;2 + ;-1 + -1 + -1 + -1 + -1 + ;7,021846;0,961707;;183;6,983545
299;269,4219;;-1 + -1 + -1 + -1 + -1 + -1 + -1 + -1 + -1 + -1 + -1 + ;4,440339;0,5098153;;133;-2,049846
300;269,9262;;-1 + -1 + ;4,542017;0,3322639;;100;2,874281
301;270,3478;;-1 + -1 + -1 + -1 + -1 + -1 + -1 + -1 + -1 + ;1,94677;0,3079783;;150;-0,7452507
302;270,8576;;-1 + -1 + -1 + -1 + -1 + -1 + -1 + -1 + -1 + -1 + ;3,832953;0,5053964;;117;1,338351
303;271,3292;;-1 + -1 + -1 + -1 + -1 + -1 + -1 + ;1,521545;0,2398334;;67;-1,238622
304;271,6158;;-1 + -1 + -1 + -1 + -1 + -1 + ;1,194469;0,2157419;;66;-1,589789
305;271,8844;;-1 + -1 + -1 + -1 + -1 + -1 + -1 + ;2,532363;0,3017163;;84;-0,1659203
306;272,1909;;-1 + -1 + -1 + -1 + -1 + -1 + ;4,318647;0,6972325;;133;1,01588
307;272,6892;;-1 + -1 + -1 + -1 + -1 + -1 + -1 + -1 + -1 + -1 + -1 + ;1,688072;0,2573341;;67;-5,054595
308;273,0044;;-1 + -1 + -1 + ;6,831357;0,6534019;;166;4,484757
309;273,5831;;-1 + ;2,614027;0,446319;;100;2,060346
310;274,0022;;-1 + -1 + -1 + -1 + -1 + -1 + -1 + -1 + -1 + -1 + -1 + ;2,371841;0,2465907;;84;0,6184313
311;274,3361;;-1 + -1 + -1 + ;0,2287263;0,1442601;;50;-2,627013
312;274,5628;;-1 + -1 + -1 + -1 + ;2,005961;0,2709323;;83;-1,723106
313;274,856;2 + ;-1 + -1 + -1 + -1 + -1 + -1 + -1 + -1 + -1 + -1 + ;7,010535;0,9233615;;233;7,933903
314;275,5898;;-1 + -1 + -1 + -1 + -1 + -1 + -1 + -1 + -1 + -1 + -1 + -1 + -1 + -1 + -1 + ;-1,413152;0,1189689;;134;-4,294183
315;276,2165;;-1 + -1 + -1 + -1 + -1 + -1 + -1 + -1 + -1 + -1 + -1 + -1 + -1 + -1 + ;6,125119;0,6729556;;150;0,7980747
316;276,7581;;-1 + -1 + -1 + -1 + -1 + -1 + ;2,289508;0,3108505;;83;0,6003585
317;277,1226;;-1 + -1 + -1 + -1 + -1 + -1 + -1 + ;1,085282;0,2022105;;67;0,2874926
318;277,3483;;-1 + -1 + -1 + -1 + -1 + -1 + -1 + -1 + -1 + -1 + -1 + -1 + ;2,917397;0,2433188;;133;-0,8392842
319;277,8362;;-1 + -1 + -1 + ;3,553796;0,3571123;;83;0,9109092
320;278,1841;;-1 + -1 + -1 + -1 + -1 + -1 + -1 + -1 + -1 + -1 + ;0,1352277;0,1537361;;67;-0,7110361
321;278,4539;;-1 + -1 + -1 + -1 + -1 + -1 + -1 + ;11,08595;0,6556633;;300;8,741613
322;279,351;;-1 + -1 + -1 + -1 + -1 + -1 + -1 + ;4,093043;0,6274453;;117;0,720489
323;279,9232;;-1 + -1 + -1 + -1 + -1 + -1 + ;1,651077;0,240235;;66;-1,108688
324;280,2425;;-1 + -1 + -1 + -1 + -1 + -1 + ;4,19678;0,366637;;134;1,563418
325;280,669;;-1 + -1 + -1 + -1 + -1 + -1 + -1 + -1 + -1 + -1 + -1 + -1 + -1 + ;1,95658;0,246472;;83;-0,796948
326;281,0272;;-1 + -1 + -1 + ;3,029128;0,3005708;;117;0,3296971
327;281,409;;-1 + -1 + ;2,301517;0,2468799;;66;0,5483968
328;281,7292;;-1 + -1 + -1 + -1 + ;-1,528841;0,1386429;;134;-5,390199
329;282,153;;-1 + -1 + -1 + -1 + -1 + -1 + -1 + -1 + -1 + -1 + -1 + -1 + -1 + ;2,971741;0,3990617;;100;0,3708017
330;282,6102;;-1 + -1 + -1 + -1 + -1 + -1 + -1 + -1 + -1 + ;4,07517;0,3261143;;133;1,401284
331;283,0546;;-1 + -1 + -1 + -1 + -1 + -1 + -1 + -1 + -1 + ;5,815319;0,5779367;;150;3,393253
332;283,5501;;-1 + -1 + -1 + ;2,54655;0,2967503;;83;-0,1567004
333;283,9196;2 + ;-1 + -1 + -1 + ;6,975447;0,8590468;;167;6,834495
334;284,4608;;-1 + ;12,04366;1,203409;;283;12,24707
335;285,3633;;-1 + -1 + -1 + -1 + ;9,856196;1,010416;;234;6,86662
336;286,2662;;-1 + -1 + -1 + ;8,395167;1,033764;;200;6,428929
337;287,0333;2 + ;-1 + -1 + -1 + -1 + -1 + -1 + ;7,787988;0,8888748;;216;7,676863
338;287,8459;;-1 + ;-0,9876034;0,1534982;;67;-1,834105
339;288,2077;;-1 + -1 + -1 + -1 + -1 + -1 + -1 + -1 + -1 + -1 + -1 + -1 + ;4,517379;0,6145375;;117;2,131917
340;288,6528;;-1 + -1 + -1 + ;2,794784;0,1972391;;83;-0,007977724
341;289,0209;;-1 + -1 + -1 + ;2,774284;0,1767457;;100;-0,04896998
342;289,3492;;-1 + -1 + -1 + -1 + -1 + -1 + -1 + -1 + ;1,773212;0,2259057;;83;-4,000882
343;289,6763;;-1 + -1 + -1 + ;2,834867;0,304093;;117;0,1389596
344;290,0848;;-1 + -1 + -1 + -1 + -1 + -1 + -1 + -1 + -1 + -1 + -1 + -1 + ;2,452562;0,165501;;67;-0,3819368
345;290,3707;;-1 + -1 + -1 + -1 + -1 + ;1,035257;0,1980874;;66;-1,766655
346;290,6363;2 + ;-1 + -1 + -1 + -1 + -1 + -1 + ;8,186614;1,011027;;250;8,197649
347;291,3996;;-1 + -1 + -1 + -1 + -1 + ;3,196134;0,3081214;;167;0,5042558
348;292,0703;;-1 + -1 + -1 + ;1,530697;0,2010546;;67;-1,268248
349;292,4017;;-1 + -1 + -1 + -1 + -1 + -1 + -1 + ;2,309586;0,2648721;;100;-0,4255416
350;292,7873;;-1 + -1 + -1 + -1 + -1 + -1 + -1 + -1 + -1 + -1 + -1 + -1 + ;13,76236;1,637621;;400;13,39998
351;293,977;;-1 + -1 + -1 + -1 + ;3,039258;0,493492;;100;-0,4672501
352;294,6027;;-1 + -1 + -1 + -1 + -1 + -1 + -1 + -1 + -1 + -1 + -1 + -1 + ;2,417392;0,2030423;;83;-0,3795655
353;294,9254;;-1 + -1 + -1 + -1 + -1 + -1 + -1 + -1 + -1 + -1 + -1 + -1 + -1 + ;7,311321;1,070581;;183;6,381903
354;295,4689;2 + ;-1 + -1 + -1 + -1 + ;9,288093;0,8301411;;217;8,118237
355;296,2447;;-1 + -1 + ;5,28852;0,4485788;;217;3,7371
356;297,0053;;-1 + -1 + -1 + -1 + -1 + -1 + ;9,304764;0,8647296;;250;7,169492
357;297,8964;;-1 + -1 + -1 + -1 + -1 + -1 + -1 + -1 + -1 + ;1,650633;0,2862695;;100;-1,063097
358;298,3826;2 + ;-1 + -1 + -1 + -1 + -1 + -1 + -1 + -1 + -1 + -1 + -1 + -1 + ;5,477007;0,8606559;;150;5,337666
359;298,8865;;-1 + -1 + -1 + -1 + -1 + -1 + -1 + ;4,220682;0,4560767;;133;3,676757
360;299,3991;;-1 + -1 + ;8,14007;0,559848;;217;6,699919
361;300,1193;;-1 + -1 + -1 + -1 + -1 + ;1,422902;0,1993101;;66;0,6222117
362;300,5141;;-1 + -1 + -1 + -1 + -1 + -1 + -1 + -1 + -1 + ;1,446541;0,249832;;84;-4,303627
363;300,7965;;-1 + ;4,560324;0,5321379;;116;4,092463
364;301,2401;;-1 + -1 + -1 + -1 + -1 + -1 + -1 + -1 + -1 + -1 + -1 + -1 + ;2,197553;0,3072352;;84;0,5047882
365;301,5724;;-1 + -1 + -1 + -1 + ;5,677515;0,9336874;;150;2,611202
366;302,094;;-1 + -1 + -1 + -1 + -1 + ;2,587911;0,4104225;;83;-2,001667
367;302,4719;;-1 + -1 + -1 + -1 + -1 + -1 + ;3,801754;0,3471395;;183;2,148894
368;303,1289;;-1 + -1 + -1 + -1 + ;2,541302;0,3142727;;84;1,855574
369;303,5338;;-1 + -1 + -1 + -1 + -1 + -1 + -1 + -1 + -1 + -1 + -1 + ;3,658929;0,2589937;;133;1,917922
370;303,9933;;-1 + -1 + -1 + -1 + ;2,360375;0,3836106;;83;-1,256015
371;304,3188;;-1 + -1 + -1 + -1 + -1 + -1 + -1 + -1 + -1 + -1 + -1 + -1 + -1 + ;4,470342;0,4680218;;217;1,938362
372;305,0032;;-1 + -1 + -1 + -1 + -1 + -1 + -1 + -1 + -1 + -1 + ;2,17849;0,2176652;;150;-0,6038449
373;305,574;;-1 + -1 + -1 + -1 + -1 + ;5,645298;0,5033255;;183;4,148624
374;306,2118;;-1 + ;0,4747885;0,2396967;;117;-0,2855147
375;306,7017;;-1 + -1 + -1 + -1 + -1 + -1 + -1 + -1 + -1 + -1 + -1 + -1 + -1 + ;-0,8313004;0,129584;;83;-3,701716
376;307,0309;;-1 + -1 + -1 + -1 + -1 + -1 + -1 + -1 + -1 + ;3,636193;0,2268836;;84;0,8630757
377;307,3698;;-1 + -1 + -1 + -1 + ;8,491442;0,7977783;;200;7,28922
378;308,058;;-1 + -1 + ;0,3276606;0,1474354;;116;-1,524904
379;308,5524;;-1 + -1 + -1 + -1 + -1 + -1 + -1 + -1 + -1 + ;1,736178;0,1957623;;117;-7,068059
380;308,9659;;-1 + -1 + -1 + ;11,08647;1,234696;;250;9,321169
381;309,7534;;-1 + -1 + -1 + ;3,020385;0,4123746;;100;0,4327605
382;310,233;;-1 + -1 + -1 + -1 + -1 + -1 + ;1,228512;0,1792964;;117;-1,592192
383;310,6549;;-1 + -1 + -1 + -1 + -1 + -1 + -1 + -1 + -1 + -1 + -1 + -1 + ;5,436726;0,3941781;;150;2,830902
384;311,2029;;-1 + -1 + -1 + -1 + -1 + -1 + -1 + -1 + -1 + ;1,29084;0,1882576;;66;-1,520902
385;311,5393;2 + ;-1 + -1 + -1 + -1 + -1 + -1 + -1 + -1 + -1 + -1 + -1 + -1 + -1 + -1 + ;8,197373;0,7111354;;350;6,908504
386;312,6118;;-1 + -1 + -1 + -1 + -1 + -1 + -1 + -1 + -1 + -1 + -1 + -1 + -1 + -1 + -1 + -1 + -1 + -1 + ;3,324905;0,1879598;;100;-0,4871342
387;313,1778;2 + ;-1 + -1 + -1 + -1 + ;12,56317;1,541105;;317;12,10428
388;314,2059;;-1 + -1 + -1 + -1 + -1 + ;3,168677;0,3159613;;83;-1,515362
389;314,6866;2 + ;-1 + -1 + ;10,98503;1,687044;;300;12,67208
390;315,6105;;-1 + -1 + -1 + -1 + -1 + -1 + -1 + ;2,281768;0,2907684;;84;-0,4274647
391;316,0948;;-1 + -1 + -1 + -1 + -1 + -1 + -1 + -1 + ;0,8489576;0,24922;;100;-1,901822
392;316,4784;;-1 + -1 + -1 + ;3,30946;0,2246117;;83;0,5340722
393;316,8101;;-1 + -1 + -1 + -1 + -1 + -1 + ;4,283283;0,4280453;;117;2,711328
394;317,1912;2 + ;-1 + -1 + -1 + -1 + ;7,841928;0,9621611;;200;6,80409
395;317,9282;;-1 + -1 + -1 + -1 + -1 + ;2,391873;0,3097839;;116;-2,298343
396;318,4565;;-1 + -1 + -1 + -1 + -1 + ;2,132584;0,3172273;;84;-0,5501895
397;318,8305;;-1 + -1 + -1 + -1 + ;3,097381;0,3366834;;100;2,434065
398;319,2018;;-1 + -1 + -1 + -1 + -1 + -1 + -1 + -1 + -1 + ;5,31717;0,4501596;;133;2,76733
399;319,6532;;-1 + -1 + -1 + -1 + -1 + -1 + -1 + -1 + -1 + ;2,720017;0,203281;;67;1,923298
400;319,9409;;-1 + -1 + -1 + -1 + -1 + -1 + -1 + -1 + -1 + -1 + -1 + -1 + ;3,365334;0,4147359;;100;0,7800694
401;320,3076;;-1 + -1 + -1 + -1 + ;4,964506;0,49657;;216;3,461076
402;321,0095;;-1 + -1 + ;9,179998;0,9839637;;300;8,163959
403;321,9801;;-1 + -1 + -1 + -1 + -1 + -1 + ;2,953918;0,4654402;;100;0,4193587
404;322,4977;;-1 + -1 + -1 + -1 + ;4,182704;0,3063303;;117;0,4890361
405;322,9134;;-1 + -1 + -1 + ;4,544043;0,5783948;;133;2,122437
406;323,3713;;-1 + -1 + -1 + -1 + -1 + -1 + ;6,691871;0,6522225;;200;4,344092
407;324,0703;2 + ;-1 + -1 + ;5,225102;0,8407579;;167;6,065856
408;324,698;;-1 + -1 + -1 + -1 + -1 + -1 + -1 + -1 + ;1,325183;0,2159531;;83;-1,458864
409;325,0745;;-1 + ;4,659507;0,6255158;;117;4,285024
410;325,5143;;-1 + -1 + -1 + -1 + -1 + -1 + -1 + ;1,821246;0,2144708;;83;1,035717
411;325,8389;2 + ;-1 + -1 + -1 + -1 + -1 + -1 + -1 + -1 + -1 + -1 + -1 + ;3,502429;0,7577347;;534;4,260169
412;327,3692;2 + ;-1 + -1 + -1 + -1 + -1 + -1 + ;13,48561;1,437949;;466;13,92355
413;329,0485;;-1 + -1 + -1 + -1 + -1 + -1 + -1 + ;1,623002;0,1776214;;200;0,800624
414;329,9662;2 + ;-1 + -1 + -1 + ;4,086697;0,7701117;;384;3,85681
415;331,1921;;-1 + -1 + -1 + -1 + -1 + -1 + ;2,520649;0,3529867;;83;-0,1263647
416;331,8017;;-1 + -1 + -1 + -1 + -1 + -1 + -1 + -1 + -1 + ;3,66338;0,3221976;;150;0,9855759
417;332,2615;;-1 + -1 + -1 + -1 + -1 + ;1,949457;0,231529;;83;-0,8190141
418;332,6321;;-1 + ;4,506577;0,2803653;;117;3,786941
419;333,0416;;-1 + -1 + -1 + -1 + -1 + -1 + ;7,01256;0,437953;;167;5,450511
420;333,5866;;-1 + -1 + -1 + -1 + -1 + -1 + -1 + -1 + -1 + -1 + ;2,641936;0,198832;;66;-1,159232
421;333,9649;;-1 + -1 + -1 + -1 + -1 + -1 + -1 + ;8,205388;0,5634226;;200;4,768811
422;334,579;;-1 + -1 + -1 + -1 + -1 + ;3,853792;0,4067771;;117;-0,7394309
423;335,0594;;-1 + -1 + ;2,750636;0,1853277;;83;0,9359634
424;335,3841;;-1 + -1 + ;1,689411;0,2719983;;84;-0,0385915
425;335,7078;;-1 + -1 + -1 + -1 + -1 + ;-1,675442;0,1258676;;600;-4,549574
426;337,4489;;-1 + -1 + -1 + -1 + -1 + -1 + -1 + -1 + -1 + -1 + -1 + -1 + -1 + -1 + -1 + -1 + -1 + -1 + -1 + ;11,11474;0,8509232;;283;8,965664
427;338,7038;2 + ;-1 + -1 + -1 + -1 + -1 + -1 + -1 + -1 + ;10,04728;0,8343922;;833;10,88167
428;341,4558;;-1 + -1 + -1 + -1 + -1 + -1 + ;4,362421;0,3813741;;100;0,7437949
429;342,5901;;-1 + -1 + -1 + -1 + -1 + -1 + -1 + ;5,091017;0,3239746;;134;4,414992
430;343,0484;;-1 + -1 + -1 + -1 + -1 + -1 + -1 + -1 + -1 + ;2,063934;0,1753367;;66;-3,76073
431;343,376;;-1 + -1 + ;1,67536;0,2797316;;184;-0,044909
432;343,9417;;-1 + -1 + -1 + -1 + -1 + -1 + -1 + -1 + -1 + -1 + -1 + -1 + -1 + -1 + -1 + -1 + -1 + -1 + -1 + ;1,361218;0,2768717;;166;-2,36191
433;344,5618;;-1 + -1 + -1 + -1 + -1 + -1 + -1 + -1 + -1 + ;2,158545;0,1833074;;67;-0,6581476
434;344,8963;;-1 + -1 + -1 + ;4,120032;0,3451798;;150;3,465212
435;345,3719;2 + ;-1 + -1 + -1 + -1 + -1 + -1 + -1 + -1 + -1 + -1 + ;2,22068;0,8499172;;567;2,070592
436;347,0399;;-1 + -1 + -1 + -1 + -1 + -1 + -1 + -1 + -1 + -1 + -1 + -1 + -1 + -1 + -1 + -1 + ;-0,9639433;0,05334255;;516;-3,910601
437;349,1486;;-1 + -1 + -1 + -1 + -1 + -1 + -1 + -1 + -1 + -1 + ;2,404404;0,3365565;;84;-0,2590396
438;349,8844;;-1 + -1 + -1 + -1 + -1 + -1 + ;5,642833;0,4681806;;150;2,111013
439;350,4163;;-1 + -1 + -1 + -1 + ;-0,2277263;0,1195643;;216;-2,108162
440;351,1617;2 + ;-1 + -1 + -1 + -1 + -1 + -1 + -1 + -1 + -1 + -1 + ;6,854342;0,8751959;;184;7,729537
441;351,8357;2 + 2 + ;-1 + -1 + -1 + ;15,52832;2,072118;;400;18,60042
442;353,1002;;-1 + -1 + -1 + -1 + -1 + -1 + -1 + -1 + -1 + ;2,810935;0,3273559;;100;1,138292
443;353,7004;;-1 + -1 + -1 + -1 + -1 + -1 + -1 + -1 + -1 + -1 + ;3,387363;0,2466499;;83;-0,3659875
444;354,0428;;-1 + ;5,112749;0,455029;;250;4,567778
445;354,8964;2 + ;-1 + -1 + -1 + -1 + -1 + -1 + -1 + -1 + -1 + -1 + ;15,22269;1,38199;;383;15,60468
446;356,3002;;-1 + -1 + -1 + -1 + -1 + -1 + -1 + -1 + -1 + -1 + -1 + -1 + -1 + -1 + -1 + -1 + ;4,237061;0,3128459;;284;-3,450094
447;357,5504;;-1 + -1 + -1 + -1 + ;3,960573;0,4588601;;116;3,419434
448;358,1844;;-1 + -1 + -1 + -1 + -1 + -1 + -1 + -1 + ;1,942806;0,2899642;;200;-1,76723
449;358,9133;;-1 + -1 + -1 + ;0,5526801;0,2489222;;117;-2,198398
450;359,4138;;-1 + -1 + -1 + -1 + -1 + -1 + -1 + -1 + -1 + -1 + -1 + -1 + ;3,096158;-0,1275751;;433;-3,031416
451;360,6822;;-1 + -1 + -1 + -1 + -1 + -1 + -1 + -1 + ;10,77286;0,9874341;;300;9,760289
452;361,8775;2 + ;-1 + -1 + ;7,884075;0,8910769;;234;8,775147
453;362,7733;;-1 + -1 + -1 + -1 + -1 + ;2,707379;0,2694935;;66;-2,023128
454;363,1674;;-1 + -1 + -1 + -1 + ;1,462533;0,1317995;;50;-0,4056675
455;363,352;;-1 + -1 + -1 + -1 + -1 + -1 + -1 + -1 + ;3,362665;0,3355405;;84;1,698206
456;363,6644;;-1 + -1 + -1 + -1 + -1 + -1 + ;4,474691;0,5547027;;133;3,029395
457;364,1439;;-1 + -1 + -1 + -1 + -1 + ;2,272244;0,3656569;;83;-0,3620992
458;364,4759;;-1 + -1 + -1 + -1 + -1 + -1 + -1 + -1 + -1 + -1 + -1 + -1 + ;11,31901;1,351561;;250;8,670567
459;365,2831;;-1 + -1 + -1 + -1 + -1 + -1 + -1 + -1 + -1 + -1 + -1 + -1 + -1 + -1 + -1 + ;5,593763;0,6319889;;134;0,2257524
460;365,8629;;-1 + ;3,540602;0,2391263;;83;2,779729
461;366,2687;;-1 + -1 + -1 + -1 + -1 + -1 + -1 + -1 + -1 + ;2,987035;0,1827419;;133;1,169777
462;366,692;;-1 + -1 + -1 + -1 + ;4,192141;0,4979872;;100;0,6901288
463;367,1158;;-1 + -1 + -1 + -1 + -1 + -1 + -1 + -1 + -1 + -1 + -1 + ;13,17911;1,248883;;367;10,428
464;368,1942;;-1 + -1 + -1 + -1 + -1 + -1 + ;-1,390786;0,1656;;167;-4,225186
465;368,9267;;-1 + -1 + -1 + -1 + -1 + -1 + ;3,351385;0,2749116;;83;0,6262965
466;369,3385;;-1 + -1 + -1 + -1 + -1 + -1 + -1 + ;2,515494;0,1808142;;67;0,6963086
467;369,5685;;-1 + -1 + -1 + ;7,781889;0,9150077;;183;5,696895
468;370,2188;;-1 + -1 + -1 + -1 + -1 + -1 + ;2,908235;0,163798;;83;-2,927967
469;370,5886;;-1 + -1 + -1 + ;4,238719;0,5361516;;100;1,77487
470;370,9711;;-1 + -1 + -1 + -1 + -1 + -1 + -1 + -1 + -1 + ;3,721928;0,3158865;;117;1,037814
471;371,397;;-1 + -1 + -1 + -1 + -1 + -1 + -1 + -1 + -1 + ;13,29736;1,358645;;333;13,656
472;372,4017;;-1 + -1 + -1 + -1 + -1 + -1 + -1 + -1 + ;3,759933;0,4286689;;84;0,188602
473;372,9224;;-1 + -1 + -1 + -1 + -1 + -1 + -1 + -1 + -1 + -1 + ;5,657008;0,3692051;;133;2,026212
474;373,3764;;-1 + -1 + -1 + ;4,77177;0,5622914;;117;2,334063
475;373,7991;;-1 + -1 + -1 + -1 + -1 + -1 + -1 + -1 + -1 + ;2,081639;0,1935997;;66;1,275239
476;374,1184;;-1 + -1 + -1 + -1 + -1 + -1 + -1 + -1 + -1 + -1 + -1 + -1 + ;2,299525;0,1572101;;134;-0,5432639
477;374,5468;;-1 + -1 + -1 + -1 + -1 + -1 + ;3,274105;0,2230273;;100;1,497132
478;375,0027;;-1 + -1 + -1 + -1 + -1 + -1 + -1 + -1 + ;2,465215;0,1671799;;83;0,6323955
479;375,3931;;-1 + -1 + -1 + ;4,476782;0,5394849;;117;2,016268
480;375,8784;;-1 + -1 + -1 + -1 + -1 + -1 + -1 + -1 + -1 + -1 + -1 + -1 + ;8,065303;0,6131002;;400;5,678402
481;377,1201;;-1 + -1 + ;6,463603;0,721174;;166;5,184776
482;377,9104;;-1 + -1 + -1 + -1 + -1 + -1 + -1 + -1 + -1 + -1 + ;3,087965;0,2172505;;84;0,3052166
483;378,299;2 + ;-1 + -1 + -1 + -1 + -1 + -1 + -1 + -1 + -1 + ;5,431458;0,4681523;;283;4,899607
484;379,1485;;-1 + ;-1,177788;0,1456967;;150;-2,032091
485;379,7685;;-1 + ;2,0436;0,3308458;;133;1,374446
486;380,2841;;-1 + -1 + -1 + -1 + -1 + -1 + ;0,04822815;0,1925671;;117;-2,759205
487;380,7434;2 + ;-1 + -1 + -1 + -1 + -1 + -1 + -1 + -1 + ;4,839155;0,6622245;;150;5,50138
488;381,2541;;-1 + -1 + -1 + -1 + -1 + -1 + -1 + -1 + -1 + -1 + ;4,002021;0,4995197;;100;1,501541
489;381,6839;;-1 + -1 + -1 + -1 + -1 + -1 + ;6,048867;0,6011881;;133;4,650055
490;382,1456;;-1 + -1 + -1 + -1 + -1 + -1 + -1 + ;4,514483;0,2831904;;117;1,797675
491;382,609;;-1 + -1 + -1 + -1 + -1 + -1 + -1 + ;4,691875;0,5581559;;117;3,25003
492;383,0316;;-1 + -1 + -1 + -1 + ;2,55316;0,2721353;;66;-1,174705
493;383,3506;;-1 + -1 + -1 + -1 + -1 + -1 + -1 + ;8,011973;0,6894776;;217;5,701454
494;384,0052;;-1 + -1 + -1 + -1 + -1 + -1 + -1 + -1 + -1 + -1 + -1 + ;3,786618;0,4921207;;117;2,278738
495;384,5003;;-1 + -1 + -1 + ;6,539268;0,3759876;;150;4,915254
496;385,0835;;-1 + -1 + -1 + -1 + -1 + ;-1,512375;0,1601495;;266;-6,352224
497;385,9663;;-1 + -1 + -1 + -1 + -1 + -1 + -1 + -1 + -1 + -1 + -1 + -1 + ;3,230191;0,1965117;;84;1,426702
498;386,408;;-1 + -1 + -1 + -1 + -1 + -1 + -1 + -1 + -1 + -1 + -1 + -1 + -1 + -1 + -1 + -1 + -1 + -1 + -1 + -1 + -1 + -1 + -1 + ;8,50478;0,6392225;;450;2,144003
499;387,7242;2 + ;-1 + -1 + -1 + -1 + -1 + -1 + ;5,867946;0,7821329;;150;4,650079
500;388,488;;-1 + ;2,506245;0,2041177;;66;1,710363
501;388,8319;2 + ;-1 + -1 + -1 + -1 + -1 + -1 + -1 + ;11,74144;1,570599;;500;8,31203
502;390,2456;;-1 + -1 + -1 + -1 + -1 + -1 + -1 + -1 + ;6,926081;0,7177099;;384;3,643791
503;391,8483;;-1 + -1 + -1 + -1 + -1 + -1 + -1 + -1 + ;3,617918;0,288386;;83;0,9063046
504;392,4833;;-1 + -1 + -1 + -1 + -1 + -1 + -1 + -1 + -1 + -1 + -1 + -1 + -1 + ;4,35055;0,5370438;;117;1,887592
505;392,8626;;-1 + -1 + -1 + -1 + -1 + -1 + -1 + -1 + -1 + -1 + ;3,866404;0,5817615;;116;0,4481649
506;393,3145;;-1 + -1 + ;4,480543;0,5116015;;100;2,992146
507;393,6814;;-1 + -1 + -1 + ;4,407162;0,4253064;;100;1,832467
508;394,0449;;-1 + -1 + -1 + ;1,811293;0,1697168;;50;-1,018991
509;394,2734;;-1 + -1 + -1 + -1 + -1 + -1 + -1 + -1 + -1 + -1 + ;4,133792;0,4523464;;100;1,586138
510;394,6171;2 + ;-1 + -1 + -1 + -1 + -1 + -1 + -1 + -1 + ;7,736831;0,9787394;;434;2,715575
511;395,8889;;-1 + -1 + -1 + -1 + -1 + -1 + ;3,952233;0,284312;;100;1,236543
512;396,5289;2 + ;-1 + -1 + -1 + -1 + -1 + -1 + -1 + -1 + -1 + -1 + -1 + ;9,489917;0,4561237;;383;5,946042
513;397,6699;;-1 + -1 + -1 + -1 + ;3,340386;0,2529221;;83;2,593308
514;398,1891;;-1 + -1 + -1 + -1 + -1 + -1 + -1 + -1 + -1 + -1 + -1 + -1 + ;3,640491;0,3631582;;84;1,00365
515;398,5534;;-1 + -1 + -1 + -1 + ;2,754405;0,2711386;;66;-0,9744568
516;398,8492;;-1 + -1 + -1 + -1 + -1 + -1 + -1 + -1 + -1 + -1 + -1 + -1 + -1 + -1 + -1 + -1 + -1 + -1 + -1 + -1 + -1 + -1 + ;11,95997;0,8847971;;600;6,844764
517;400,5317;;-1 + -1 + -1 + -1 + -1 + ;-13,1546;0,1105656;;2017;-18,04405
518;406,9551;;-1 + -1 + -1 + ;4,493794;0,3821923;;100;1,875986
519;409,1151;2 + ;-1 + -1 + -1 + -1 + -1 + -1 + ;9,065297;0,8481033;;300;8,9134
520;410,0227;;-1 + -1 + -1 + -1 + -1 + -1 + -1 + -1 + -1 + -1 + -1 + -1 + -1 + ;4,733121;0,3584276;;117;4,091549
521;410,5855;;-1 + -1 + -1 + ;5,962804;0,6229165;;133;3,58572
522;411,0662;;-1 + -1 + -1 + -1 + -1 + -1 + -1 + -1 + ;3,127326;0,1725687;;100;2,299895
523;411,431;;-1 + -1 + -1 + ;-2,725633;0,1197339;;167;-5,605898
524;411,9849;;-1 + -1 + -1 + -1 + ;0,4599048;0,2444271;;116;-3,295668
525;412,4775;;-1 + -1 + ;2,918773;0,2515427;;67;1,170316
526;412,7564;;-1 + -1 + -1 + -1 + -1 + -1 + -1 + ;9,070523;1,243402;;217;8,313922
527;413,4282;;-1 + -1 + -1 + -1 + -1 + -1 + -1 + -1 + -1 + -1 + -1 + -1 + -1 + ;6,814642;0,6940851;;150;4,508726
528;414,0497;;-1 + -1 + -1 + -1 + -1 + -1 + -1 + -1 + -1 + -1 + -1 + -1 + -1 + ;5,517853;0,384614;;616;1,902468
529;416,0318;;-1 + -1 + -1 + ;7,116719;0,7683203;;167;4,885038
530;417,0751;;-1 + -1 + -1 + -1 + ;8,476484;0,6694637;;233;6,14595
531;417,8504;2 + ;-1 + -1 + -1 + -1 + -1 + -1 + -1 + ;9,286294;0,5366549;;484;4,822934
532;419,3583;2 + ;-1 + -1 + -1 + ;17,26551;1,875072;;383;18,1406
533;420,7734;2 + ;-1 + -1 + -1 + -1 + -1 + -1 + -1 + -1 + -1 + -1 + -1 + -1 + -1 + -1 + -1 + -1 + -1 + -1 + ;14,53456;1,726017;;633;15,26058
534;422,7558;;-1 + -1 + -1 + -1 + -1 + -1 + -1 + -1 + -1 + -1 + -1 + -1 + -1 + -1 + ;3,826694;0,3824744;;334;-1,790831
535;424,1943;2 + 2 + ;-1 + -1 + -1 + ;21,13242;2,128489;;866;24,26089
536;426,7375;;-1 + -1 + ;2,871653;0,2013272;;67;1,07298
537;427,5948;2 + ;-1 + -1 + -1 + -1 + -1 + -1 + -1 + ;8,972327;0,8677523;;217;8,840079
538;428,2709;;-1 + -1 + ;6,852521;0,5839576;;233;5,436477
539;429,1169;;-1 + -1 + -1 + -1 + -1 + -1 + -1 + -1 + -1 + -1 + -1 + -1 + -1 + -1 + -1 + -1 + -1 + -1 + -1 + -1 + -1 + -1 + -1 + ;3,211242;0,3792162;;350;-2,409546
540;430,3687;2 + ;-1 + -1 + -1 + -1 + -1 + -1 + -1 + -1 + -1 + ;6,677848;0,9034026;;217;7,58125
541;431,2522;;-1 + -1 + ;7,243808;0,88201;;166;6,125819
542;431,8976;;-1 + -1 + -1 + -1 + -1 + -1 + -1 + -1 + -1 + -1 + -1 + -1 + ;4,303875;0,4764628;;134;1,780339
543;432,4134;;-1 + -1 + -1 + -1 + -1 + -1 + ;4,488738;0,2260924;;116;2,714829
544;432,8508;;-1 + -1 + -1 + -1 + -1 + -1 + ;3,845196;0,442899;;100;1,288094
545;433,22;2 + ;-1 + -1 + -1 + ;11,97668;1,161587;;450;12,13827
546;434,5361;;-1 + -1 + -1 + -1 + -1 + -1 + -1 + -1 + ;6,106847;0,4600215;;167;5,566868
547;435,3524;2 + ;-1 + -1 + -1 + -1 + -1 + -1 + ;9,025272;0,869417;;267;8,89469
548;436,2438;;-1 + -1 + -1 + -1 + -1 + -1 + -1 + -1 + ;-0,01440066;0,07589498;;400;-7,938504
549;437,5675;;-1 + -1 + -1 + -1 + ;8,453261;0,7536261;;316;5,206889
550;438,7762;;-1 + -1 + -1 + -1 + -1 + -1 + -1 + ;15,22134;1,502261;;534;14,72358
551;440,7393;2 + ;-1 + -1 + -1 + -1 + -1 + -1 + -1 + -1 + -1 + -1 + -1 + -1 + -1 + -1 + -1 + -1 + -1 + -1 + -1 + ;9,772882;1,18391;;533;7,956796
552;442,5999;;-1 + -1 + -1 + -1 + -1 + -1 + -1 + -1 + -1 + -1 + -1 + -1 + -1 + -1 + -1 + -1 + -1 + -1 + -1 + -1 + -1 + -1 + -1 + -1 + -1 + -1 + -1 + -1 + ;4,197444;0,1819474;;217;-2,620607
553;443,6072;;-1 + -1 + -1 + -1 + ;4,133433;0,2958713;;100;0,4293041
554;444,0964;;-1 + -1 + ;3,805218;0,4629478;;100;2,268166
555;444,4689;;-1 + -1 + -1 + -1 + -1 + -1 + -1 + -1 + -1 + ;13,15742;0,9512328;;883;5,108642
556;446,9239;;-1 + -1 + -1 + -1 + -1 + -1 + -1 + ;4,148903;0,3083571;;100;1,457262
557;447,86;;-1 + -1 + -1 + -1 + ;8,161273;0,9132197;;183;7,074492
558;448,4737;;-1 + -1 + -1 + -1 + -1 + -1 + -1 + -1 + -1 + ;10,5593;1,363036;;234;8,922331
559;449,3477;;-1 + -1 + -1 + -1 + -1 + -1 + -1 + ;4,717561;0,445641;;300;1,163203
560;450,3595;;-1 + -1 + -1 + -1 + -1 + -1 + -1 + -1 + -1 + -1 + ;3,939431;0,25269;;100;0,192122
561;450,878;2 + ;-1 + -1 + -1 + -1 + -1 + -1 + -1 + -1 + -1 + -1 + -1 + -1 + ;8,823432;0,886286;;233;8,709719
562;451,6078;2 + ;-1 + -1 + -1 + -1 + -1 + -1 + -1 + -1 + -1 + ;7,027771;0,7812947;;500;0,8090582
563;453,1211;;-1 + -1 + -1 + -1 + -1 + -1 + -1 + ;3,741895;0,2152961;;200;0,9571903
564;454,0805;2 + ;-1 + -1 + -1 + -1 + -1 + -1 + -1 + -1 + -1 + -1 + -1 + -1 + -1 + -1 + ;5,956449;0,4265785;;1100;2,38302
565;457,2214;;-1 + -1 + -1 + -1 + -1 + -1 + -1 + -1 + -1 + ;2,040811;0,2305999;;633;0,2714119
566;459,7807;;-1 + -1 + -1 + -1 + -1 + -1 + -1 + -1 + ;9,31675;1,164627;;217;8,481375
567;460,8923;2 + ;-1 + -1 + -1 + -1 + -1 + -1 + -1 + -1 + -1 + -1 + -1 + -1 + ;19,9029;1,3154;;1117;17,21832
568;464,0822;;-1 + -1 + -1 + -1 + -1 + -1 + -1 + ;2,391827;0,1938386;;66;0,5856659
569;465,1483;2 + ;-1 + -1 + -1 + -1 + -1 + -1 + -1 + -1 + -1 + -1 + -1 + -1 + -1 + -1 + -1 + -1 + -1 + -1 + -1 + ;7,303868;0,4846131;;1617;3,788486
570;469,8739;2 + ;-1 + -1 + -1 + -1 + -1 + -1 + -1 + -1 + -1 + -1 + ;12,79512;1,327446;;400;13,12257
571;472,5347;;-1 + -1 + -1 + -1 + -1 + -1 + -1 + -1 + -1 + -1 + ;3,462545;0,2532394;;83;0,7157838
572;473,093;2 + ;-1 + -1 + -1 + -1 + -1 + -1 + -1 + -1 + -1 + -1 + ;13,64389;1,411926;;817;13,05582
573;475,3446;2 + ;-1 + -1 + -1 + -1 + -1 + -1 + ;5,92509;0,8086948;;583;2,733779
574;477,5352;;-1 + -1 + -1 + -1 + -1 + -1 + -1 + -1 + -1 + -1 + -1 + -1 + -1 + -1 + -1 + -1 + -1 + -1 + -1 + -1 + -1 + ;17,22478;2,004297;;634;14,22907
575;479,7446;;-1 + -1 + -1 + -1 + -1 + -1 + ;-0,161863;0,1812058;;266;-1,980656
576;480,9832;2 + ;-1 + -1 + -1 + -1 + -1 + -1 + -1 + -1 + -1 + -1 + -1 + -1 + -1 + -1 + ;12,57519;1,381946;;1500;9,957148
577;485,4973;;-1 + -1 + -1 + -1 + -1 + -1 + -1 + -1 + ;24,94271;1,679673;;1650;18,62239
578;491,1638;2 + ;-1 + -1 + -1 + -1 + -1 + -1 + -1 + -1 + ;9,081573;0,8945574;;200;8,976128
579;492,9925;2 + ;-1 + -1 + -1 + -1 + -1 + -1 + -1 + -1 + -1 + -1 + -1 + ;20,6933;2,219011;;767;20,9123
580;495,2661;2 + ;-1 + -1 + -1 + -1 + ;4,189967;0,7006881;;250;2,890648
581;496,5299;;-1 + -1 + ;2,792947;0,2330077;;67;1,025954
582;496,924;;-1 + -1 + -1 + -1 + -1 + -1 + ;9,509517;0,7156515;;266;6,225166
583;497,7678;2 + ;-1 + -1 + -1 + -1 + -1 + -1 + -1 + -1 + -1 + -1 + -1 + -1 + -1 + -1 + -1 + -1 + -1 + -1 + -1 + -1 + -1 + ;11,02472;1,099662;;550;8,124382
584;499,5651;2 + ;-1 + -1 + -1 + -1 + -1 + -1 + -1 + ;18,75615;1,469297;;634;15,22547
585;501,723;;-1 + -1 + -1 + -1 + -1 + -1 + -1 + -1 + -1 + ;3,152238;0,2198039;;83;0,3720422
586;502,4563;;-1 + -1 + -1 + -1 + ;7,62088;0,7621602;;250;6,38304
587;503,212;;-1 + -1 + -1 + ;-1,941138;0,1250695;;200;-4,816069
588;503,9788;;-1 + -1 + -1 + -1 + -1 + -1 + -1 + -1 + -1 + -1 + -1 + -1 + -1 + -1 + -1 + -1 + ;5,25597;0,7475081;;1950;1,003475
589;509,6225;;-1 + -1 + -1 + -1 + -1 + ;8,67693;1,008421;;217;6,685345
590;511,9887;;;-23,3245;1,457428;;5000;0
591;528,7766;;;0,511236;0,01383031;;15;0,5250663
592;533,3198;2 + ;-1 + -1 + -1 + -1 + -1 + -1 + ;16,76789;1,61727;;617;17,38515
593;535,0786;;-1 + -1 + -1 + -1 + -1 + -1 + -1 + -1 + -1 + -1 + -1 + -1 + -1 + -1 + -1 + -1 + -1 + -1 + -1 + -1 + -1 + -1 + -1 + ;0,9112034;0,2339508;;217;-5,854848
594;536,16;2 + ;-1 + -1 + -1 + -1 + -1 + -1 + -1 + -1 + ;8,543223;0,8501767;;500;3,393403
595;537,716;2 + 2 + ;-1 + -1 + -1 + -1 + -1 + -1 + -1 + ;25,65684;3,009767;;783;25,6666
596;540,5187;;-1 + -1 + -1 + ;2,825995;0,2693164;;67;0,09531069
597;541,4257;2 + ;-1 + -1 + -1 + ;16,99718;1,970799;;516;17,96797
598;542,9149;2 + ;-1 + -1 + -1 + -1 + -1 + -1 + -1 + -1 + ;13,67424;1,592606;;2467;9,26687
599;550,6786;;-1 + -1 + -1 + -1 + -1 + -1 + ;9,937964;1,156249;;300;9,094213
600;553,731;;-1 + -1 + -1 + -1 + -1 + -1 + -1 + -1 + ;4,132998;0,3081045;;117;1,4411
601;554,3049;2 + ;-1 + -1 + -1 + ;19,20742;2,139012;;500;20,34645
602;555,8701;;-1 + -1 + -1 + -1 + -1 + -1 + -1 + -1 + ;6,16042;0,4144834;;150;3,574903
603;556,6738;;-1 + -1 + -1 + -1 + -1 + ;6,45344;0,841279;;150;2,294719
604;557,2286;2 + 2 + ;-1 + -1 + -1 + -1 + -1 + -1 + -1 + -1 + -1 + -1 + -1 + -1 + -1 + -1 + -1 + -1 + ;23,20331;2,560411;;1300;25,76374
605;561,2979;;-1 + -1 + -1 + -1 + -1 + -1 + -1 + -1 + -1 + -1 + -1 + -1 + -1 + -1 + -1 + -1 + -1 + ;7,84893;0,4794106;;450;2,328346
606;563,6858;;-1 + -1 + -1 + ;4,836238;0,6892713;;316;4,525511
607;564,9039;2 + ;-1 + -1 + -1 + -1 + -1 + -1 + -1 + -1 + -1 + ;24,89039;2,357301;;734;26,24769
608;567,0851;2 + ;-1 + -1 + -1 + -1 + -1 + ;10,84578;1,241693;;400;9,087479
609;568,7607;2 + ;-1 + -1 + -1 + -1 + -1 + -1 + -1 + -1 + -1 + -1 + -1 + -1 + -1 + -1 + -1 + -1 + -1 + -1 + ;5,29921;0,6637828;;500;1,962994
610;570,431;2 + 2 + 2 + ;-1 + -1 + -1 + -1 + -1 + -1 + -1 + -1 + -1 + -1 + -1 + -1 + -1 + -1 + -1 + -1 + ;28,11175;3,673948;;2150;33,78563
611;578,1769;2 + ;-1 + -1 + -1 + -1 + -1 + -1 + -1 + -1 + -1 + -1 + -1 + -1 + -1 + ;12,24907;1,254585;;550;9,503667
612;581,6144;2 + ;-1 + -1 + -1 + -1 + -1 + -1 + ;18,97093;1,783682;;700;19,75462
613;583,9006;;-1 + -1 + -1 + -1 + -1 + -1 + -1 + -1 + -1 + -1 + -1 + -1 + -1 + -1 + -1 + -1 + -1 + -1 + -1 + -1 + -1 + -1 + -1 + -1 + -1 + -1 + ;11,70296;1,035116;;1666;6,73807
614;589,6979;2 + ;-1 + -1 + -1 + -1 + -1 + -1 + ;5,02655;0,6055717;;284;3,632119
615;591,9802;2 + 2 + ;-1 + -1 + ;18,42162;2,108127;;650;22,52975
616;593,9484;;;-12,45435;1,47126;;5000;0
617;610,9504;;;0,4117429;0,01065873;;15;0,4224016
618;615,5063;;-1 + -1 + -1 + -1 + -1 + -1 + -1 + ;10,56821;0,9074186;;567;4,475623
619;617,0958;;-1 + -1 + -1 + -1 + -1 + -1 + -1 + -1 + -1 + -1 + -1 + -1 + -1 + -1 + -1 + -1 + -1 + -1 + -1 + -1 + -1 + -1 + ;19,6926;2,298581;;1367;17,99119
620;621,1464;;-1 + -1 + -1 + -1 + -1 + -1 + -1 + -1 + ;2,94939;0,2076455;;83;1,157036
621;622,4778;2 + ;-1 + -1 + -1 + -1 + -1 + -1 + -1 + -1 + -1 + -1 + -1 + -1 + ;12,56438;1,262229;;283;11,82661
622;623,3044;2 + 2 + ;-1 + -1 + -1 + -1 + -1 + -1 + -1 + -1 + -1 + -1 + ;24,21247;2,733483;;867;24,94596
623;625,8376;2 + ;-1 + -1 + -1 + -1 + -1 + -1 + -1 + ;3,08229;0,5241989;;300;-1,393502
624;627,3455;2 + ;-1 + -1 + -1 + -1 + -1 + -1 + -1 + -1 + -1 + -1 + -1 + -1 + -1 + -1 + -1 + -1 + -1 + -1 + -1 + -1 + -1 + -1 + -1 + -1 + -1 + -1 + ;25,07821;2,536466;;1117;23,61466
625;630,5988;;-1 + -1 + -1 + -1 + -1 + -1 + -1 + -1 + -1 + ;15,85697;2,030087;;350;14,88705
626;632,4424;2 + 2 + 2 + ;-1 + -1 + -1 + -1 + -1 + -1 + ;44,311;4,813261;;1300;51,12428
627;637,051;2 + 2 + 2 + 2 + 2 + ;-1 + -1 + -1 + -1 + -1 + -1 + -1 + -1 + -1 + ;50,07563;5,476467;;1566;60,55194
628;642,369;;-1 + -1 + -1 + -1 + -1 + -1 + -1 + -1 + -1 + ;12,72346;0,647383;;2150;8,370813
629;651,1906;2 + 2 + 2 + 2 + ;;55,1449;4,976495;;5000;0
630;669,3696;;;0,2297515;0,01844413;;16;0,2481956
631;673,9503;2 + ;-1 + -1 + -1 + -1 + -1 + -1 + -1 + -1 + -1 + -1 + -1 + -1 + -1 + -1 + -1 + ;23,41454;1,780784;;2233;21,1953
632;679,9141;2 + 2 + 2 + ;;52,21999;3,986815;;5000;0
633;698,1818;;;0,4899148;0,01812746;;16;0,5080423
634;702,863;2 + ;-1 + -1 + -1 + ;19,33623;0,4644499;;2750;18,80063
635;710,2779;2 + 2 + 2 + 2 + 2 + ;-1 + -1 + -1 + -1 + -1 + -1 + ;69,16147;6,555635;;2183;79,71718
636;718,6896;2 + 2 + 2 + ;-1 + -1 + -1 + -1 + -1 + -1 + -1 + -1 + -1 + -1 + -1 + -1 + -1 + -1 + -1 + -1 + -1 + ;43,71592;3,96683;;2084;50,68275
637;727,5154;2 + 2 + 2 + 2 + ;-1 + -1 + -1 + ;57,1176;5,476348;;2316;67,59395
638;735,5981;2 + 2 + 2 + 2 + 2 + ;;92,82773;8,814341;;5000;0
639;753,3777;;;0,06903201;0,01801355;;16;0,08704557
640;757,9518;2 + 2 + 2 + 2 + 2 + 2 + 2 + 2 + 2 + 2 + ;;150,2496;14,27924;;5000;0
641;773,9818;;;0,6264127;0,01968687;;16;0,6460996
642;778,5981;2 + 2 + 2 + ;-1 + -1 + -1 + -1 + -1 + -1 + -1 + -1 + ;48,02268;4,363388;;1866;56,38607
643;783,6532;2 + 2 + ;-1 + -1 + -1 + -1 + -1 + -1 + -1 + -1 + -1 + -1 + -1 + -1 + -1 + -1 + -1 + -1 + -1 + -1 + -1 + -1 + -1 + ;42,99787;2,097083;;4300;45,09493
644;797,9831;2 + ;-1 + -1 + -1 + -1 + -1 + -1 + -1 + ;27,95734;1,056838;;2934;24,01416
645;809,9304;2 + 2 + ;-1 + -1 + -1 + -1 + -1 + -1 + ;37,69995;2,883888;;3466;38,58383
646;822,3836;2 + ;-1 + ;17,84456;1,320704;;1234;20,16526
647;828,7588;2 + 2 + 2 + 2 + 2 + 2 + 2 + 2 + 2 + ;-1 + -1 + -1 + -1 + -1 + -1 + ;121,7642;11,53449;;3816;145,2986
648;840,4618;2 + 2 + 2 + 2 + 2 + 2 + 2 + 2 + ;-1 + -1 + -1 + -1 + -1 + -1 + -1 + -1 + -1 + -1 + ;142,9969;12,17243;;4434;165,1694
649;855,7943;;-1 + -1 + -1 + -1 + -1 + -1 + -1 + -1 + -1 + -1 + ;28,79134;1,737173;;1283;24,52851
650;863,1155;2 + 2 + 2 + 2 + 2 + 2 + 2 + 2 + ;-1 + -1 + -1 + -1 + -1 + -1 + -1 + -1 + -1 + -1 + -1 + -1 + -1 + -1 + -1 + -1 + -1 + -1 + -1 + -1 + ;114,8208;10,97716;;3050;136,7979
651;872,3448;2 + 2 + ;-1 + -1 + -1 + -1 + -1 + -1 + -1 + -1 + -1 + -1 + -1 + -1 + -1 + -1 + -1 + -1 + -1 + -1 + -1 + -1 + -1 + -1 + -1 + -1 + -1 + -1 + -1 + -1 + -1 + -1 + -1 + -1 + -1 + ;41,74664;2,202974;;2933;41,94958
652;883,2269;2 + 2 + 2 + 2 + 2 + 2 + 2 + 2 + ;-1 + -1 + -1 + -1 + -1 + -1 + -1 + -1 + -1 + -1 + -1 + -1 + -1 + ;126,4509;10,32136;;4784;149,7723
653;900,9328;2 + 2 + 2 + 2 + 2 + 2 + 2 + 2 + ;-1 + -1 + -1 + -1 + -1 + -1 + -1 + -1 + -1 + -1 + -1 + -1 + -1 + ;119,1057;10,80808;;4700;142,9142
654;920,2193;2 + 2 + 2 + ;;87,83036;5,249174;;5000;0
655;938,9206;;;0,4081016;0,01292673;;15;0,4210283
656;943,5128;2 + 2 + 2 + ;-1 + -1 + -1 + -1 + ;42,53583;3,495085;;1700;48,03089
657;948,0828;2 + 2 + 2 + 2 + 2 + 2 + 2 + 2 + 2 + ;-1 + -1 + -1 + -1 + -1 + -1 + -1 + -1 + -1 + -1 + -1 + -1 + -1 + -1 + -1 + -1 + -1 + -1 + -1 + ;119,4625;11,42194;;4400;143,8844
658;964,5209;2 + 2 + ;-1 + -1 + -1 + -1 + -1 + -1 + -1 + -1 + -1 + -1 + -1 + -1 + -1 + -1 + -1 + -1 + -1 + -1 + -1 + -1 + -1 + -1 + -1 + -1 + -1 + ;40,41412;2,660326;;3900;46,07445
659;979,1276;2 + 2 + 2 + 2 + 2 + 2 + 2 + 2 + 2 + ;-1 + -1 + -1 + -1 + -1 + -1 + -1 + -1 + -1 + -1 + -1 + -1 + -1 + -1 + -1 + -1 + -1 + ;136,2543;11,80943;;3634;165,0636
660;992,207;2 + 2 + 2 + 2 + 2 + 2 + 2 + 2 + 2 + 2 + 2 + 2 + 2 + 2 + ;;203,7706;19,60846;;5000;0
661;1009,758;;;0,4990097;0,01571061;;15;0,5147203
662;1014,496;;-1 + -1 + -1 + -1 + -1 + -1 + -1 + -1 + -1 + -1 + -1 + -1 + -1 + -1 + -1 + -1 + -1 + -1 + -1 + -1 + -1 + ;4,139208;-0,3040298;;400;-2,164822
663;1015,69;2 + 2 + 2 + 2 + 2 + 2 + 2 + 2 + ;-1 + ;107,8234;10,64868;;3167;133,4718
664;1024,506;2 + 2 + 2 + 2 + 2 + ;-1 + -1 + -1 + -1 + -1 + -1 + ;87,08266;6,409775;;4500;97,49257
665;1040,269;2 + ;-1 + -1 + -1 + -1 + ;29,97701;2,274148;;4283;31,25119
666;1056,44;2 + 2 + 2 + 2 + 2 + 2 + ;-1 + -1 + -1 + -1 + -1 + -1 + -1 + -1 + -1 + -1 + -1 + ;75,60989;6,809869;;2167;91,4199
667;1066,045;2 + 2 + 2 + ;-1 + -1 + -1 + ;34,90844;3,160145;;1050;43,06855
668;1070,937;2 + 2 + 2 + ;-1 + -1 + -1 + -1 + -1 + -1 + -1 + -1 + ;55,224;4,683241;;4383;62,90685
669;1085,383;2 + 2 + 2 + ;-1 + -1 + -1 + -1 + -1 + ;55,63333;4,430418;;2417;65,06369
670;1095,906;2 + 2 + 2 + 2 + ;-1 + -1 + -1 + -1 + -1 + -1 + -1 + -1 + -1 + -1 + -1 + -1 + -1 + -1 + -1 + -1 + -1 + -1 + -1 + -1 + -1 + -1 + -1 + -1 + -1 + -1 + -1 + -1 + -1 + -1 + -1 + -1 + -1 + -1 + -1 + -1 + -1 + -1 + -1 + -1 + -1 + -1 + -1 + -1 + ;60,86958;3,307644;;2433;71,17722
671;1104,491;2 + 2 + 2 + 2 + 2 + 2 + 2 + 2 + ;-1 + -1 + -1 + -1 + -1 + -1 + -1 + -1 + ;117,3746;10,40614;;3000;140,7808
672;1114,36;2 + 2 + 2 + 2 + 2 + 2 + 2 + 2 + 2 + 2 + 2 + 2 + ;;172,7145;15,65647;;5000;0
673;1132,696;;;0,08378926;0,0008894743;;16;0,08467871
674;1137,251;2 + 2 + 2 + 2 + 2 + 2 + ;-1 + -1 + -1 + -1 + -1 + -1 + ;68,57809;6,210983;;2317;84,78911
675;1143,458;2 + 2 + 2 + 2 + 2 + 2 + 2 + 2 + 2 + 2 + 2 + 2 + 2 + 2 + 2 + 2 + ;;204,2946;20,85791;;5000;0
676;1161,157;;;-0,08181626;0,00155809;;15;-0,08025818
677;1165,679;;-1 + -1 + -1 + -1 + -1 + ;4,684194;-0,2672736;;350;0,4169207
678;1166,706;2 + 2 + 2 + ;-1 + -1 + -1 + -1 + -1 + -1 + -1 + -1 + -1 + -1 + -1 + ;41,01176;3,319791;;1084;47,33151
679;1169,839;2 + 2 + 2 + 2 + 2 + 2 + 2 + 2 + 2 + 2 + 2 + 2 + 2 + 2 + 2 + ;;210,545;20,77181;;5000;0
680;1189,202;;;-0,04683707;0,0009594506;;15;-0,04587763
681;1193,766;;-1 + -1 + ;8,075036;-0,3873211;;917;6,687709
682;1196,456;2 + ;-1 + -1 + ;22,43792;1,623151;;917;25,06107
683;1199,583;;-1 + -1 + -1 + ;4,029775;-0,3013108;;333;2,728463
684;1201,221;2 + 2 + 2 + 2 + 2 + 2 + 2 + 2 + 2 + 2 + 2 + 2 + 2 + 2 + ;;205,0478;18,86671;;5000;0
685;1214,395;;;0,432974;0,02356317;;16;0,4565372
686;1218,219;2 + 2 + 2 + 2 + 2 + 2 + 2 + 2 + 2 + 2 + 2 + ;-1 + -1 + -1 + -1 + -1 + -1 + -1 + -1 + -1 + -1 + ;149,3508;14,63532;;3533;183,986
687;1227,466;2 + 2 + 2 + 2 + 2 + 2 + 2 + 2 + ;;117,0061;9,100599;;5000;0
688;1246,706;;;0,3970158;0,01147095;;16;0,4084868
689;1251,361;2 + ;-1 + -1 + -1 + ;21,13523;1,219876;;716;21,3551
690;1253,402;2 + 2 + 2 + 2 + 2 + ;-1 + ;65,39625;6,435077;;1784;80,83143
691;1259,213;2 + 2 + 2 + 2 + 2 + 2 + 2 + 2 + 2 + 2 + 2 + 2 + 2 + 2 + 2 + 2 + ;;218,791;20,85563;;5000;0
692;1277,231;;;0,3725904;0,01592561;;15;0,3885159
693;1281,848;2 + 2 + 2 + 2 + 2 + 2 + 2 + 2 + 2 + 2 + 2 + 2 + ;-1 + -1 + ;158,7677;16,0184;;3867;196,7859
694;1292,47;2 + 2 + ;-1 + -1 + -1 + -1 + -1 + -1 + -1 + -1 + -1 + -1 + -1 + -1 + -1 + -1 + -1 + -1 + -1 + -1 + ;30,50555;2,536807;;933;34,04235
695;1298,427;2 + 2 + 2 + ;-1 + -1 + -1 + -1 + -1 + -1 + -1 + -1 + ;44,50374;4,639313;;1267;52,14309
696;1302,595;2 + ;-1 + -1 + ;20,31832;1,251988;;850;22,57029
697;1306,029;2 + 2 + 2 + 2 + 2 + 2 + 2 + 2 + 2 + ;-1 + -1 + -1 + -1 + -1 + -1 + -1 + -1 + ;113,5438;10,83974;;4167;134,3836
698;1317,91;2 + 2 + 2 + 2 + 2 + 2 + 2 + 2 + 2 + 2 + 2 + 2 + 2 + 2 + 2 + 2 + 2 + ;;218,3661;23,63009;;5000;0
699;1336,983;;;0,478663;0,01801608;;15;0,4966791
700;1341,694;;-1 + -1 + -1 + -1 + -1 + -1 + -1 + -1 + -1 + -1 + -1 + -1 + -1 + -1 + -1 + -1 + -1 + -1 + -1 + -1 + -1 + -1 + -1 + -1 + -1 + -1 + -1 + -1 + -1 + -1 + ;3,581449;-0,3923022;;634;-2,810853
701;1343,492;2 + ;-1 + -1 + -1 + -1 + ;20,05054;1,341754;;600;19,39231
702;1345,57;;-1 + ;4,366606;-0,326551;;366;3,040055
703;1347,028;2 + 2 + 2 + 2 + 2 + 2 + 2 + ;-1 + -1 + -1 + -1 + -1 + -1 + ;104,6377;9,40748;;2334;122,045
704;1353,483;2 + 2 + ;-1 + -1 + -1 + -1 + -1 + -1 + -1 + -1 + -1 + -1 + -1 + -1 + -1 + -1 + -1 + -1 + -1 + -1 + -1 + -1 + -1 + -1 + -1 + -1 + -1 + -1 + ;32,44688;2,523474;;1016;32,97037
705;1358,198;2 + 2 + 2 + 2 + 2 + 2 + 2 + 2 + 2 + 2 + 2 + 2 + 2 + 2 + 2 + 2 + 2 + ;;212,7887;22,54942;;5000;0
706;1374,88;;;0,5945387;0,01941481;;16;0,6139535
707;1379,447;2 + 2 + ;-1 + -1 + -1 + -1 + -1 + -1 + -1 + -1 + -1 + -1 + ;33,22076;2,486856;;900;35,70758
708;1381,905;2 + 2 + 2 + 2 + 2 + 2 + 2 + 2 + 2 + 2 + 2 + 2 + 2 + 2 + 2 + 2 + ;;221,8469;22,10492;;5000;0
709;1399,505;;;0,5360391;0,0251631;;16;0,5612022
710;1404,065;2 + 2 + 2 + 2 + 2 + 2 + ;-1 + -1 + -1 + -1 + ;70,45412;6,997113;;1750;85,45098
711;1408,725;2 + 2 + 2 + 2 + 2 + 2 + 2 + 2 + 2 + 2 + 2 + 2 + 2 + 2 + 2 + 2 + 2 + ;;203,2223;23,38028;;5000;0
712;1426,345;;;0,4498718;0,01342284;;15;0,4632947
713;1430,956;2 + 2 + ;-1 + -1 + -1 + -1 + -1 + -1 + -1 + -1 + -1 + ;34,53202;2,52266;;967;38,05466
714;1433,576;2 + 2 + 2 + 2 + 2 + 2 + 2 + ;-1 + -1 + -1 + -1 + -1 + -1 + -1 + -1 + -1 + -1 + -1 + -1 + -1 + -1 + -1 + -1 + -1 + -1 + -1 + -1 + -1 + -1 + -1 + -1 + -1 + ;91,58289;9,611354;;2350;110,1945
715;1440,628;2 + 2 + 2 + 2 + 2 + 2 + 2 + 2 + 2 + 2 + 2 + 2 + 2 + 2 + 2 + 2 + 2 + 2 + ;;228,5484;25,13242;;5000;0
716;1456,012;;;0,4420628;0,02456071;;16;0,4666235
717;1460,489;2 + 2 + ;-1 + -1 + -1 + -1 + -1 + -1 + -1 + -1 + -1 + -1 + -1 + -1 + -1 + -1 + ;28,92676;1,922087;;2600;29,84896
718;1467,477;;-1 + -1 + -1 + -1 + -1 + -1 + -1 + -1 + -1 + -1 + -1 + -1 + -1 + -1 + -1 + -1 + -1 + -1 + -1 + -1 + -1 + -1 + ;6,983997;-0,2449132;;716;0,7390823
719;1471,668;2 + 2 + 2 + 2 + 2 + ;-1 + -1 + -1 + -1 + -1 + -1 + -1 + -1 + -1 + -1 + -1 + ;59,85753;6,51669;;1734;72,37409
720;1476,77;2 + 2 + ;-1 + -1 + -1 + -1 + -1 + -1 + -1 + -1 + -1 + -1 + -1 + -1 + -1 + -1 + -1 + -1 + -1 + -1 + -1 + -1 + -1 + -1 + -1 + -1 + -1 + ;30,81224;2,555359;;983;31,36756
721;1481,179;2 + 2 + 2 + 2 + 2 + ;-1 + -1 + -1 + -1 + -1 + -1 + -1 + -1 + -1 + -1 + -1 + -1 + -1 + -1 + -1 + -1 + -1 + -1 + -1 + -1 + -1 + -1 + -1 + -1 + -1 + -1 + ;64,67579;6,061633;;1950;76,73759
722;1487,145;;-1 + -1 + -1 + -1 + -1 + -1 + -1 + ;3,243906;0,1275949;;283;0,3715003
723;1489,419;2 + 2 + 2 + 2 + 2 + 2 + 2 + 2 + 2 + 2 + 2 + 2 + 2 + 2 + 2 + 2 + 2 + 2 + ;;219,9028;24,84702;;5000;0
724;1507,873;;;0,6334671;0,02389112;;16;0,6573582
725;1512,487;2 + 2 + 2 + 2 + 2 + 2 + 2 + 2 + 2 + 2 + 2 + 2 + 2 + 2 + 2 + 2 + 2 + 2 + ;;221,0207;23,78597;;5000;0
726;1526,657;;;0,5247135;0,02036297;;16;0,5450764
727;1531,211;2 + 2 + 2 + 2 + 2 + ;-1 + -1 + -1 + -1 + -1 + -1 + -1 + -1 + -1 + ;65,51793;6,084828;;1750;78,60261
728;1535,875;2 + 2 + 2 + 2 + 2 + 2 + 2 + 2 + 2 + 2 + 2 + 2 + 2 + 2 + 2 + 2 + 2 + 2 + ;;213,4695;25,71753;;5000;0
729;1553,459;;;0,4197194;0,01756521;;15;0,4372846
730;1558,096;2 + 2 + 2 + 2 + 2 + 2 + 2 + 2 + 2 + 2 + 2 + 2 + 2 + 2 + 2 + 2 + 2 + ;;215,4116;24,31554;;5000;0
731;1572,669;;;0,007379753;0,02157661;;16;0,02895636
732;1577,159;2 + 2 + 2 + 2 + 2 + 2 + 2 + 2 + 2 + 2 + 2 + ;-1 + -1 + ;139,259;14,5341;;3683;174,7929
733;1587,074;2 + 2 + 2 + 2 + 2 + 2 + 2 + 2 + 2 + 2 + 2 + 2 + 2 + 2 + 2 + 2 + 2 + 2 + ;;225,2386;24,12943;;5000;0
734;1606,26;;;0,5290214;0,02465569;;16;0,5536771
735;1610,842;2 + 2 + 2 + 2 + 2 + 2 + 2 + 2 + 2 + 2 + 2 + 2 + 2 + 2 + 2 + 2 + 2 + 2 + ;;229,3486;23,90387;;5000;0
736;1626,528;;;0,5979805;0,02452333;;16;0,6225038
737;1631,12;2 + 2 + 2 + 2 + 2 + 2 + 2 + 2 + 2 + 2 + 2 + 2 + 2 + 2 + 2 + 2 + 2 + ;;219,7272;22,86881;;5000;0
738;1647,022;;;0,4703966;0,01754116;;15;0,4879377
739;1651,633;2 + 2 + 2 + 2 + 2 + 2 + 2 + 2 + 2 + 2 + 2 + 2 + 2 + 2 + 2 + 2 + 2 + 2 + ;;226,5898;23,09327;;5000;0
740;1664,799;;;0,5814953;0,02440007;;16;0,6058953
741;1668,63;2 + 2 + 2 + 2 + 2 + 2 + 2 + 2 + 2 + 2 + 2 + 2 + 2 + 2 + 2 + 2 + 2 + ;;228,4313;23,20022;;5000;0
742;1681,68;;;0,487044;0,01886105;;16;0,505905
743;1685,48;2 + 2 + 2 + 2 + 2 + 2 + 2 + 2 + 2 + 2 + 2 + 2 + 2 + 2 + 2 + 2 + 2 + 2 + 2 + 2 + ;;228,5689;26,77122;;5000;0
744;1698,411;;;0,4428478;0,0169208;;15;0,4597686
745;1702,406;2 + 2 + 2 + 2 + 2 + 2 + 2 + 2 + 2 + 2 + 2 + 2 + 2 + 2 + 2 + 2 + 2 + ;;227,1806;22,54311;;5000;0
746;1718,304;;;0,6129091;0,02449317;;16;0,6374023
747;1722,884;2 + 2 + 2 + 2 + 2 + 2 + 2 + 2 + 2 + 2 + 2 + 2 + 2 + 2 + 2 + 2 + 2 + 2 + ;;232,2457;25,47484;;5000;0
748;1738,62;;;0,5962484;0,02436361;;16;0,6206122
749;1743,181;2 + 2 + 2 + 2 + 2 + 2 + 2 + 2 + 2 + 2 + 2 + 2 + 2 + 2 + 2 + 2 + 2 + 2 + 2 + ;;227,5297;26,48949;;5000;0
750;1759,116;;;0,4718807;0,01710833;;15;0,4889891
751;1763,692;2 + 2 + 2 + 2 + 2 + 2 + 2 + 2 + 2 + 2 + 2 + 2 + 2 + 2 + 2 + 2 + 2 + 2 + ;;227,8146;24,64628;;5000;0
752;1778,065;;;0,5744488;0,02561464;;16;0,6000636
753;1782,628;2 + 2 + 2 + 2 + 2 + 2 + 2 + 2 + 2 + 2 + 2 + 2 + 2 + 2 + 2 + 2 + 2 + 2 + 2 + ;;230,4878;25,55885;;5000;0
754;1798,204;;;0,5357329;0,02424536;;16;0,5599782
755;1802,771;2 + 2 + 2 + 2 + 2 + 2 + 2 + 2 + 2 + 2 + 2 + 2 + 2 + 2 + 2 + 2 + 2 + ;;234,8372;21,78456;;5000;0
756;1818,511;;;0,5081551;0,01706574;;15;0,5252209
757;1823,068;2 + 2 + 2 + 2 + 2 + 2 + 2 + 2 + 2 + 2 + 2 + 2 + 2 + 2 + 2 + 2 + 2 + 2 + 2 + ;;230,9867;25,45421;;5000;0
758;1837,753;;;0,5762663;0,02510232;;16;0,6013687
759;1842,269;2 + 2 + 2 + 2 + 2 + 2 + 2 + 2 + 2 + 2 + 2 + 2 + 2 + 2 + 2 + 2 + 2 + 2 + ;;229,1651;24,78771;;5000;0
760;1856,88;;;0,5772108;0,02619831;;16;0,6034091
761;1861,404;2 + 2 + 2 + 2 + 2 + 2 + 2 + 2 + 2 + 2 + 2 + 2 + 2 + 2 + 2 + 2 + 2 + 2 + ;;232,8754;23,71679;;5000;0
762;1877,417;;;0,539481;0,01786849;;15;0,5573495
763;1881,998;2 + 2 + 2 + 2 + 2 + 2 + 2 + 2 + 2 + 2 + 2 + 2 + 2 + 2 + 2 + 2 + 2 + 2 + ;;231,1216;24,56129;;5000;0
764;1897,803;;;0,631154;0,02573477;;16;0,6568887
765;1902,371;2 + 2 + 2 + 2 + 2 + 2 + 2 + 2 + 2 + 2 + 2 + 2 + 2 + 2 + 2 + 2 + 2 + 2 + ;;236,0034;24,02653;;5000;0
766;1918,354;;;0,03021064;0,01441459;;16;0,04462522
767;1922,943;2 + 2 + 2 + 2 + 2 + 2 + 2 + 2 + 2 + 2 + 2 + 2 + 2 + 2 + 2 + 2 + 2 + 2 + ;;229,1926;24,42884;;5000;0
768;1938,707;;;0,4453748;0,01706643;;15;0,4624412
769;1943,21;2 + 2 + 2 + 2 + 2 + 2 + 2 + 2 + 2 + 2 + 2 + 2 + 2 + 2 + 2 + 2 + 2 + 2 + ;;231,2156;23,45769;;5000;0
770;1957,811;;;0,5795501;0,02436497;;16;0,6039152
771;1962,347;2 + 2 + 2 + 2 + 2 + 2 + 2 + 2 + 2 + 2 + 2 + 2 + 2 + 2 + 2 + 2 + 2 + ;;231,5358;23,33373;;5000;0
772;1976,359;;;0,5871266;0,02545557;;16;0,6125821
773;1980,927;2 + 2 + 2 + 2 + 2 + 2 + 2 + 2 + 2 + 2 + 2 + 2 + 2 + 2 + 2 + 2 + 2 + 2 + ;;232,9387;24,87518;;5000;0
774;1995,507;;;0,4705228;0,01594876;;15;0,4864715
775;2000,146;2 + 2 + 2 + 2 + 2 + 2 + 2 + 2 + 2 + 2 + 2 + 2 + 2 + 2 + 2 + 2 + 2 + 2 + ;;230,4941;23,04647;;5000;0
776;2016,792;;;0,6367868;0,02509175;;16;0,6618785
777;2021,391;2 + 2 + 2 + 2 + 2 + 2 + 2 + 2 + 2 + 2 + 2 + 2 + 2 + 2 + 2 + 2 + 2 + 2 + ;;233,272;24,37873;;5000;0
778;2036,153;;;0,02788631;0,01457283;;16;0,04245913
779;2040,67;2 + 2 + 2 + 2 + 2 + 2 + 2 + 2 + 2 + 2 + 2 + 2 + 2 + 2 + 2 + 2 + 2 + 2 + ;;231,9032;23,31958;;5000;0
780;2053,831;;;0,002044864;0,01529434;;15;0,01733921
781;2057,993;2 + 2 + 2 + 2 + 2 + 2 + 2 + 2 + 2 + 2 + 2 + 2 + 2 + 2 + 2 + 2 + 2 + 2 + ;;232,1844;23,92797;;5000;0
782;2073,751;;;0,5076536;0,02395045;;16;0,5316041
783;2078,317;2 + 2 + 2 + 2 + 2 + 2 + 2 + 2 + 2 + 2 + 2 + 2 + 2 + 2 + 2 + 2 + 2 + 2 + ;;233,2713;24,98248;;5000;0
784;2094,202;;;0,5290037;0,02528899;;16;0,5542927
785;2098,803;2 + 2 + 2 + 2 + 2 + 2 + 2 + 2 + 2 + 2 + 2 + 2 + 2 + 2 + 2 + 2 + 2 + 2 + ;;229,0987;24,65939;;5000;0
786;2113,152;;;-0,08827674;0,005195681;;15;-0,08308107
787;2117,743;2 + 2 + 2 + 2 + 2 + 2 + 2 + 2 + 2 + 2 + 2 + 2 + 2 + 2 + 2 + 2 + 2 + ;;231,5099;22,76666;;5000;0
788;2133,433;;;0,5802607;0,02593067;;16;0,6061913
789;2138,001;2 + 2 + 2 + 2 + 2 + 2 + 2 + 2 + 2 + 2 + 2 + 2 + 2 + 2 + 2 + 2 + ;;230,5462;21,82138;;5000;0
790;2153,696;;;0,5677906;0,02487892;;16;0,5926695
791;2158,259;2 + 2 + 2 + 2 + 2 + 2 + 2 + 2 + 2 + 2 + 2 + 2 + 2 + 2 + 2 + 2 + 2 + 2 + 2 + ;;232,0279;24,09596;;5000;0
792;2174,592;;;0,1756025;0,003068961;;15;0,1786714
793;2179,17;2 + 2 + 2 + 2 + 2 + 2 + 2 + 2 + 2 + 2 + 2 + 2 + 2 + 2 + 2 + 2 + ;;230,8891;22,16909;;5000;0
794;2193,765;;;0,5478355;0,02351103;;16;0,5713466
795;2198,283;2 + 2 + 2 + 2 + 2 + 2 + 2 + 2 + 2 + 2 + 2 + 2 + 2 + 2 + 2 + 2 + 2 + ;;233,3347;23,69374;;5000;0
796;2214,166;;;0,2489106;0,004672591;;16;0,2535832
797;2218,743;2 + 2 + 2 + 2 + 2 + 2 + 2 + 2 + 2 + 2 + 2 + 2 + 2 + 2 + 2 + 2 + ;;232,2796;22,61727;;5000;0
798;2233,205;;;0,4145325;0,01415084;;15;0,4286833
799;2237,742;2 + 2 + 2 + 2 + 2 + 2 + 2 + 2 + 2 + 2 + 2 + 2 + 2 + 2 + 2 + 2 + 2 + 2 + ;;232,4579;24,19388;;5000;0
800;2251,312;;;0,6389839;0,02208584;;16;0,6610698
801;2255,799;2 + 2 + 2 + 2 + 2 + 2 + 2 + 2 + 2 + 2 + 2 + 2 + 2 + 2 + 2 + 2 + 2 + 2 + 2 + ;;232,7751;24,54246;;5000;0
802;2271,471;;;0,1016051;0,009383021;;16;0,1109881
803;2276,046;2 + 2 + 2 + 2 + 2 + 2 + 2 + 2 + 2 + 2 + 2 + 2 + 2 + 2 + 2 + 2 + ;;230,5915;21,74642;;5000;0
804;2290,637;;;0,531216;0,0176744;;15;0,5488905
805;2295,185;2 + 2 + 2 + 2 + 2 + 2 + 2 + 2 + 2 + 2 + 2 + 2 + 2 + 2 + 2 + 2 + 2 + ;;234,2019;24,12833;;5000;0
806;2310,223;;;0,5521406;0,02387551;;16;0,5760161
807;2314,77;2 + 2 + 2 + 2 + 2 + 2 + 2 + 2 + 2 + 2 + 2 + 2 + 2 + 2 + 2 + 2 + ;;233,6501;22,0944;;5000;0
808;2329,198;;;0,3013273;0,004533769;;16;0,3058611
809;2333,774;2 + 2 + 2 + 2 + 2 + 2 + 2 + 2 + 2 + 2 + 2 + 2 + 2 + 2 + 2 + 2 + 2 + 2 + 2 + ;;233,6863;25,17097;;5000;0
810;2348,218;;;0,4711819;0,01684982;;15;0,4880318
811;2352,761;2 + 2 + 2 + 2 + 2 + 2 + 2 + 2 + 2 + 2 + 2 + 2 + 2 + 2 + 2 + 2 + 2 + 2 + ;;235,3453;25,18722;;5000;0
812;2365,961;;;0,3965575;0,007571973;;16;0,4041295
813;2369,803;2 + 2 + 2 + 2 + 2 + 2 + 2 + 2 + 2 + 2 + 2 + 2 + 2 + 2 + 2 + 2 + 2 + ;;234,2427;22,87623;;5000;0
814;2385,464;;;0,5010648;0,0235956;;16;0,5246605
815;2390,01;2 + 2 + 2 + 2 + 2 + 2 + 2 + 2 + 2 + 2 + 2 + 2 + 2 + 2 + 2 + 2 + 2 + ;;233,929;23,39313;;5000;0
816;2403,278;;;0,5232931;0,01625007;;15;0,5395432
817;2407,581;2 + 2 + 2 + 2 + 2 + 2 + 2 + 2 + 2 + 2 + 2 + 2 + 2 + 2 + 2 + 2 + 2 + ;;232,4944;23,53803;;5000;0
818;2421,856;;;0,56037;0,02244361;;16;0,5828136
819;2426,387;2 + 2 + 2 + 2 + 2 + 2 + 2 + 2 + 2 + 2 + 2 + 2 + 2 + 2 + 2 + 2 + 2 + 2 + 2 + ;;234,2564;25,64656;;5000;0
820;2442,237;;;0,4117525;0,0241186;;16;0,4358711
821;2446,817;2 + 2 + 2 + 2 + 2 + 2 + 2 + 2 + 2 + 2 + 2 + 2 + 2 + 2 + 2 + 2 + 2 + ;;232,6317;22,93321;;5000;0
822;2459,997;;;0,4237458;0,01599963;;15;0,4397454
823;2464,187;2 + 2 + 2 + 2 + 2 + 2 + 2 + 2 + 2 + 2 + 2 + 2 + 2 + 2 + 2 + 2 + 2 + ;;232,7022;23,06724;;5000;0
824;2480,005;;;0,5902096;0,02481184;;16;0,6150213
825;2484,554;2 + 2 + 2 + 2 + 2 + 2 + 2 + 2 + 2 + 2 + 2 + 2 + 2 + 2 + 2 + 2 + 2 + ;;233,5399;23,34067;;5000;0
826;2498,911;;;0,1478107;0,004439143;;16;0,1522499
827;2503,682;2 + 2 + 2 + 2 + 2 + 2 + 2 + 2 + 2 + 2 + 2 + 2 + 2 + 2 + 2 + 2 + ;;231,9272;22,49855;;5000;0
828;2518,153;;;0,49771;0,01519207;;15;0,5129021
829;2522,708;2 + 2 + 2 + 2 + 2 + 2 + 2 + 2 + 2 + 2 + 2 + 2 + 2 + 2 + 2 + 2 + 2 + 2 + 2 + ;;236,0383;25,52765;;5000;0
830;2536,08;;;0,5545105;0,02238344;;16;0,5768939
831;2540,546;2 + 2 + 2 + 2 + 2 + 2 + 2 + 2 + 2 + 2 + 2 + 2 + 2 + 2 + 2 + 2 + 2 + ;;231,7854;22,92037;;5000;0
832;2554,884;;;0,02323656;0,005793429;;16;0,02902999
833;2559,426;2 + 2 + 2 + 2 + 2 + 2 + 2 + 2 + 2 + 2 + 2 + 2 + 2 + 2 + 2 + 2 + 2 + ;;233,9378;22,92445;;5000;0
834;2575,437;;;0,4772163;0,01205047;;15;0,4892668
835;2579,994;2 + 2 + 2 + 2 + 2 + 2 + 2 + 2 + 2 + 2 + 2 + 2 + 2 + 2 + 2 + 2 + 2 + 2 + ;;233,0478;24,18793;;5000;0
836;2593,364;;;0,6124898;0,02055141;;16;0,6330411
837;2597,871;2 + 2 + 2 + 2 + 2 + 2 + 2 + 2 + 2 + 2 + 2 + 2 + 2 + 2 + 2 + 2 + 2 + ;;233,1778;22,05734;;5000;0
838;2610,948;;;0,5338477;0,02293484;;16;0,5567827
839;2615,137;2 + 2 + 2 + 2 + 2 + 2 + 2 + 2 + 2 + 2 + 2 + 2 + 2 + 2 + 2 + 2 + 2 + ;;234,5765;23,56602;;5000;0
840;2629,752;;;0,4719283;0,01662382;;15;0,4885521
841;2634,288;2 + 2 + 2 + 2 + 2 + 2 + 2 + 2 + 2 + 2 + 2 + 2 + 2 + 2 + 2 + 2 + 2 + ;;236,4563;23,1885;;5000;0
842;2650,049;;;0,5646491;0,02442641;;16;0,5890755
843;2654,58;2 + 2 + 2 + 2 + 2 + 2 + 2 + 2 + 2 + 2 + 2 + 2 + 2 + 2 + 2 + 2 + 2 + 2 + ;;234,431;24,65292;;5000;0
844;2670,027;;;0,5537053;0,0250471;;16;0,5787524
845;2674,891;2 + 2 + 2 + 2 + 2 + 2 + 2 + 2 + 2 + 2 + 2 + 2 + 2 + 2 + 2 + 2 + 2 + 2 + 2 + 2 + ;;234,793;26,2049;;5000;0
846;2688,391;;;0,5149167;0,01503896;;15;0,5299557
847;2692,888;2 + 2 + 2 + 2 + 2 + 2 + 2 + 2 + 2 + 2 + 2 + 2 + 2 + 2 + 2 + 2 + 2 + 2 + ;;233,2139;23,56299;;5000;0
848;2706,326;;;0,367616;0,006489688;;16;0,3741057
849;2710,822;2 + 2 + 2 + 2 + 2 + 2 + 2 + 2 + 2 + 2 + 2 + 2 + 2 + 2 + 2 + 2 + 2 + ;;233,878;24,13584;;5000;0
850;2725,292;;;0,4659711;0,01524253;;16;0,4812136
851;2729,866;2 + 2 + 2 + 2 + 2 + 2 + 2 + 2 + 2 + 2 + 2 + 2 + 2 + ;-1 + -1 + -1 + -1 + -1 + -1 + -1 + -1 + -1 + -1 + -1 + -1 + -1 + -1 + -1 + -1 + -1 + -1 + -1 + -1 + -1 + ;185,7848;16,4145;;4233;223,1994
852;2742,708;2 + 2 + 2 + 2 + 2 + 2 + 2 + 2 + 2 + 2 + 2 + 2 + 2 + 2 + 2 + 2 + ;;229,7528;21,73668;;5000;0
853;2759,532;;;0,4260289;0,01490024;;16;0,4409292
854;2763,789;;-1 + -1 + -1 + -1 + -1 + -1 + -1 + ;7,590518;-1,096179;;5000;-0,5056806
855;2779,494;2 + 2 + 2 + 2 + 2 + 2 + 2 + 2 + 2 + 2 + 2 + 2 + 2 + 2 + 2 + 2 + 2 + 2 + 2 + ;;235,0105;24,91558;;5000;0
856;2799,738;;;0,1344048;0,01469595;;15;0,1491008
857;2804,298;2 + 2 + 2 + 2 + 2 + 2 + 2 + 2 + 2 + 2 + 2 + 2 + 2 + 2 + 2 + 2 + 2 + 2 + ;;234,5811;25,25678;;5000;0
858;2818,873;;;0,5813807;0,02239984;;16;0,6037806
859;2823,386;2 + 2 + 2 + 2 + 2 + 2 + 2 + 2 + 2 + 2 + 2 + 2 + 2 + 2 + 2 + 2 + 2 + 2 + ;;235,9215;24,65266;;5000;0
860;2838,108;;;0,4540748;0,01531761;;16;0,4693924
861;2842,631;2 + 2 + 2 + 2 + 2 + 2 + 2 + 2 + 2 + 2 + 2 + 2 + 2 + 2 + 2 + ;;229,5928;20,94688;;5000;0
862;2856,056;;;0,4185927;0,01596394;;15;0,4345567
863;2860,533;2 + 2 + 2 + 2 + ;-1 + -1 + -1 + ;59,85717;5,963238;;1700;70,8203
864;2865,035;2 + 2 + 2 + 2 + 2 + 2 + 2 + 2 + 2 + 2 + 2 + 2 + 2 + 2 + 2 + 2 + 2 + 2 + ;;232,1583;24,10539;;5000;0
865;2880,889;;;0,5412069;0,02040574;;16;0,5616126
866;2885,472;2 + 2 + 2 + 2 + 2 + 2 + 2 + 2 + 2 + 2 + 2 + 2 + 2 + 2 + 2 + 2 + 2 + ;;232,5312;23,33444;;5000;0
867;2901,364;;;0,2131526;0,01510392;;16;0,2282566
868;2905,977;2 + 2 + 2 + 2 + 2 + 2 + 2 + 2 + 2 + 2 + 2 + 2 + 2 + 2 + 2 + 2 + ;;235,7971;21,38491;;5000;0
869;2921,646;;;0,4078496;0,01507752;;15;0,4229272
870;2926,212;2 + 2 + 2 + 2 + 2 + 2 + 2 + 2 + 2 + 2 + 2 + 2 + 2 + 2 + 2 + 2 + ;;232,3861;22,45974;;5000;0
871;2939,792;;;0,5386378;0,02194882;;16;0,5605866
872;2944,327;2 + 2 + 2 + 2 + 2 + 2 + 2 + 2 + 2 + 2 + 2 + 2 + ;-1 + -1 + -1 + -1 + -1 + -1 + -1 + -1 + ;169,1478;15,84702;;3883;200,9951
873;2956,002;2 + 2 + 2 + 2 + 2 + 2 + 2 + 2 + 2 + 2 + 2 + 2 + 2 + 2 + 2 + 2 + 2 + 2 + ;;234,6322;24,41642;;5000;0
874;2974,134;;;0,02621786;0,004088446;;16;0,03030631
875;2978,668;2 + 2 + 2 + 2 + 2 + 2 + 2 + 2 + 2 + 2 + 2 + 2 + 2 + 2 + 2 + 2 + 2 + 2 + ;;236,5198;23,44195;;5000;0
876;2991,731;;;0,2595319;0,004610502;;16;0,2641425
877;2995,863;2 + 2 + 2 + 2 + 2 + 2 + 2 + 2 + 2 + 2 + 2 + 2 + 2 + 2 + 2 + 2 + 2 + ;;233,0123;23,19444;;5000;0
878;3010,424;;;0,4769887;0,01400078;;15;0,4909895
879;3014,997;2 + 2 + 2 + 2 + 2 + 2 + 2 + 2 + 2 + 2 + 2 + 2 + 2 + 2 + 2 + 2 + 2 + 2 + ;;237,2257;23,43671;;5000;0
880;3030,729;;;0,5423332;0,01943964;;16;0,5617729
881;3035,299;2 + 2 + 2 + 2 + 2 + 2 + 2 + 2 + 2 + 2 + 2 + 2 + 2 + 2 + 2 + 2 + 2 + ;;232,8309;22,87917;;5000;0
882;3049,946;;;0,452645;0,01239278;;16;0,4650378
883;3054,472;2 + 2 + 2 + 2 + 2 + 2 + 2 + 2 + 2 + 2 + 2 + 2 + 2 + 2 + 2 + ;;233,898;20,93283;;5000;0
884;3070,659;;;0,1317185;0,01353097;;15;0,1452495
885;3075,283;2 + 2 + 2 + 2 + 2 + 2 + 2 + 2 + 2 + 2 + 2 + 2 + 2 + 2 + 2 + ;;230,1664;20,69345;;5000;0
886;3089,952;;;0,5607358;0,02089374;;16;0,5816295
887;3094,464;2 + 2 + 2 + 2 + 2 + 2 + 2 + 2 + 2 + 2 + 2 + 2 + 2 + 2 + 2 + ;;226,6285;21,24529;;5000;0
888;3108,101;;;0,4343023;0,01454516;;16;0,4488475
889;3113,022;2 + 2 + 2 + 2 + 2 + 2 + 2 + 2 + 2 + 2 + 2 + 2 + 2 + 2 + 2 + 2 + 2 + 2 + ;;231,4833;23,05217;;5000;0
890;3128,757;;;0,4795836;0,01624712;;15;0,4958307
891;3133,311;2 + 2 + 2 + 2 + 2 + 2 + 2 + 2 + 2 + 2 + 2 + 2 + 2 + 2 + 2 + 2 + 2 + 2 + ;;235,4247;23,36757;;5000;0
892;3150,031;;;0,6264373;0,01605174;;16;0,6424891
893;3154,58;2 + 2 + 2 + 2 + 2 + 2 + 2 + 2 + 2 + 2 + 2 + 2 + 2 + 2 + 2 + 2 + ;;220,3188;20,15509;;5000;0
894;3170,594;;;0,5041177;0,01150683;;16;0,5156245
895;3175,227;2 + 2 + 2 + ;-1 + -1 + -1 + -1 + -1 + -1 + -1 + -1 + -1 + ;35,53414;3,306621;;1166;42,84073
896;3178,37;2 + 2 + 2 + 2 + 2 + 2 + 2 + 2 + 2 + 2 + 2 + 2 + 2 + 2 + 2 + ;;218,0774;20,5362;;5000;0
897;3195,706;;;0,5337093;0,01792718;;16;0,5516365
898;3200,321;2 + 2 + 2 + 2 + 2 + 2 + 2 + 2 + 2 + 2 + 2 + 2 + 2 + 2 + 2 + 2 + 2 + ;;232,3865;22,33273;;5000;0
899;3217,121;;;0,4883233;0,01490831;;16;0,5032316
900;3221,955;2 + 2 + 2 + ;-1 + -1 + -1 + -1 + -1 + -1 + ;39,09168;3,220461;;1816;42,31211
901;3227,756;2 + 2 + 2 + 2 + 2 + 2 + 2 + 2 + 2 + 2 + 2 + 2 + 2 + 2 + 2 + ;;231,4118;21,04161;;5000;0
902;3248,795;;;0,5497501;0,02039442;;16;0,5701447
903;3253,684;;-1 + -1 + -1 + -1 + -1 + -1 + -1 + -1 + -1 + -1 + -1 + -1 + -1 + -1 + -1 + -1 + -1 + ;21,22906;-0,6382229;;2117;16,59083
904;3260,217;;-1 + -1 + -1 + -1 + -1 + -1 + -1 + -1 + -1 + -1 + ;4,060369;0,0970771;;416;3,157446
905;3263,617;2 + 2 + 2 + 2 + 2 + 2 + 2 + 2 + 2 + 2 + 2 + 2 + 2 + 2 + 2 + 2 + ;;236,488;22,13725;;5000;0
906;3278,113;;;0,6392567;0,02173409;;16;0,6609908
907;3282,019;2 + 2 + 2 + 2 + 2 + 2 + 2 + 2 + 2 + 2 + 2 + 2 + 2 + 2 + 2 + 2 + 2 + 2 + ;;233,284;25,32986;;5000;0
908;3298,81;;;0,5336468;0,01575848;;16;0,5494052
909;3303,48;2 + 2 + 2 + 2 + 2 + 2 + 2 + 2 + 2 + 2 + 2 + 2 + 2 + 2 + ;-1 + -1 + -1 + -1 + -1 + -1 + -1 + -1 + -1 + -1 + -1 + -1 + -1 + -1 + -1 + -1 + -1 + -1 + -1 + -1 + -1 + ;212,0134;19,16308;;4983;253,1768
910;3318,434;2 + 2 + 2 + 2 + 2 + 2 + 2 + 2 + 2 + 2 + 2 + 2 + 2 + 2 + 2 + ;;217,5666;20,32289;;5000;0
911;3337,385;;;0,527083;0,01444769;;16;0,5415307
912;3341,896;2 + 2 + 2 + 2 + 2 + 2 + 2 + 2 + 2 + 2 + 2 + 2 + 2 + 2 + ;;219,5368;18,77326;;5000;0
913;3357,802;;;0,4708136;0,01444308;;15;0,4852567
914;3362,454;2 + 2 + 2 + 2 + 2 + 2 + 2 + 2 + 2 + 2 + 2 + 2 + 2 + ;-1 + -1 + -1 + -1 + -1 + -1 + -1 + ;196,7364;17,35836;;5000;0
915;3376;;;0,201623;0,01998869;;16;0,2216117
916;3380,031;2 + 2 + 2 + 2 + 2 + 2 + 2 + 2 + 2 + 2 + 2 + 2 + 2 + 2 + 2 + 2 + 2 + ;;223,7631;21,58522;;5000;0
917;3395,868;;;0,4596934;0,01450341;;16;0,4741968
918;3400,438;2 + 2 + 2 + 2 + 2 + 2 + 2 + 2 + 2 + 2 + 2 + 2 + 2 + 2 + 2 + 2 + ;;233,4914;22,65566;;5000;0
919;3414,159;;;0,3676081;0,01492852;;15;0,3825367
920;3419,483;2 + 2 + 2 + 2 + 2 + 2 + 2 + 2 + 2 + 2 + 2 + 2 + 2 + 2 + 2 + 2 + 2 + 2 + ;;232,3101;24,08993;;5000;0
921;3434,021;;;0,5674996;0,02000578;;16;0,5875053
922;3438,511;2 + 2 + 2 + 2 + 2 + 2 + 2 + 2 + 2 + 2 + 2 + 2 + 2 + 2 + 2 + ;;229,3601;21,00618;;5000;0
923;3453,452;;;0,4320201;0,01473195;;16;0,446752
924;3457,973;2 + 2 + 2 + 2 + 2 + 2 + 2 + 2 + 2 + 2 + 2 + 2 + 2 + 2 + 2 + 2 + 2 + ;;229,3578;23,1809;;5000;0
925;3474,097;;;0,4182212;0,01570486;;15;0,433926
926;3478,694;2 + ;;43,58261;1,149577;;5000;0
927;3494,918;;;0,5272961;0,01447737;;16;0,5417734
928;3499,667;2 + 2 + 2 + 2 + 2 + 2 + 2 + 2 + 2 + 2 + 2 + 2 + 2 + 2 + 2 + 2 + 2 + 2 + ;;232,3444;24,57665;;5000;0
929;3514,322;;;0,5713024;0,02364403;;16;0,5949464
930;3518,572;2 + 2 + 2 + 2 + 2 + 2 + 2 + 2 + 2 + 2 + 2 + 2 + 2 + ;-1 + -1 + -1 + -1 + -1 + -1 + ;184,0437;17,55239;;4900;221,596
931;3535,262;2 + 2 + 2 + 2 + 2 + 2 + 2 + 2 + 2 + 2 + 2 + 2 + 2 + 2 + 2 + 2 + 2 + ;;231,438;22,03169;;5000;0
932;3556,26;;;0,5190377;0,01564849;;15;0,5346862
933;3560,509;2 + 2 + 2 + 2 + 2 + 2 + 2 + 2 + 2 + 2 + 2 + 2 + 2 + 2 + 2 + 2 + 2 + ;;232,7822;23,7337;;5000;0
934;3575,324;;;0,5974866;0,02066057;;16;0,6181471
935;3579,185;2 + 2 + 2 + 2 + 2 + 2 + 2 + 2 + 2 + 2 + 2 + 2 + 2 + 2 + 2 + ;;230,0783;20,85855;;5000;0
936;3593,85;;;0,5538261;0,02357697;;16;0,5774031
937;3598,427;2 + 2 + 2 + 2 + 2 + 2 + 2 + 2 + 2 + 2 + 2 + 2 + 2 + 2 + 2 + 2 + ;;213,5627;19,94368;;5000;0
938;3621,7;;;0,4722524;0,01558455;;15;0,4878369
939;3627,426;2 + 2 + 2 + 2 + 2 + 2 + 2 + 2 + 2 + 2 + 2 + 2 + 2 + 2 + 2 + 2 + 2 + ;;231,3956;22,35583;;5000;0
940;3642,673;;;0,5778067;0,02239079;;16;0,6001974
941;3646,983;2 + 2 + 2 + 2 + 2 + 2 + 2 + 2 + 2 + 2 + 2 + 2 + 2 + 2 + 2 + ;;230,1553;21,48154;;5000;0
942;3665,616;;;0,6371968;0,02489661;;16;0,6620935
943;3670,823;2 + 2 + 2 + 2 + 2 + 2 + 2 + 2 + 2 + 2 + 2 + 2 + 2 + 2 + 2 + 2 + 2 + 2 + ;;236,8343;23,42237;;5000;0
944;3689,176;;;0,373327;0,0108298;;15;0,3841567
945;3694,341;2 + 2 + 2 + 2 + 2 + 2 + 2 + 2 + 2 + 2 + 2 + 2 + 2 + 2 + 2 + ;;220,4044;19,86831;;5000;0
946;3712,852;;;0,5953384;0,01611737;;16;0,6114557
947;3718,038;2 + 2 + 2 + 2 + 2 + 2 + 2 + 2 + 2 + 2 + 2 + 2 + 2 + 2 + 2 + 2 + ;;232,7341;20,94497;;5000;0
948;3736,833;;;0,5258431;0,02439931;;16;0,5502424
949;3742,038;2 + 2 + 2 + 2 + 2 + 2 + 2 + 2 + 2 + 2 + 2 + 2 + 2 + 2 + 2 + 2 + 2 + ;;234,2679;22,01299;;5000;0
950;3760,349;;;0,4751594;0,01695125;;15;0,4921106
951;3765,539;2 + 2 + 2 + 2 + 2 + 2 + 2 + 2 + 2 + 2 + 2 + 2 + 2 + 2 + 2 + 2 + ;;233,5426;22,76771;;5000;0
952;3782,915;;;0,5583429;0,02292455;;16;0,5812675
953;3788,045;2 + 2 + 2 + 2 + 2 + 2 + 2 + 2 + 2 + 2 + 2 + 2 + 2 + 2 + 2 + 2 + 2 + 2 + ;;237,052;23,35567;;5000;0
954;3805,037;;;0,566932;0,0242944;;16;0,5912265
955;3810,346;2 + 2 + 2 + 2 + 2 + 2 + 2 + 2 + 2 + 2 + 2 + 2 + 2 + 2 + 2 + 2 + ;;216,8634;21,0454;;5000;0
956;3828,642;;;0,450409;0,01680885;;15;0,4672178
957;3833,991;2 + 2 + 2 + 2 + 2 + 2 + 2 + 2 + 2 + 2 + 2 + 2 + 2 + 2 + 2 + 2 + 2 + 2 + ;;232,4027;22,62871;;5000;0
958;3849,675;;;0,5637022;0,02476051;;16;0,5884628
959;3854,219;2 + 2 + 2 + 2 + 2 + 2 + 2 + 2 + 2 + 2 + 2 + 2 + 2 + 2 + 2 + 2 + 2 + 2 + ;;232,071;24,14412;;5000;0
960;3870,124;;;0,5081071;0,02416763;;16;0,5322747
961;3874,878;;-1 + -1 + -1 + -1 + -1 + -1 + -1 + -1 + -1 + -1 + -1 + -1 + -1 + -1 + -1 + -1 + -1 + -1 + -1 + -1 + -1 + -1 + -1 + -1 + -1 + -1 + -1 + -1 + -1 + -1 + -1 + -1 + ;16,64297;-0,4470641;;4450;11,19592
962;3889,135;2 + 2 + 2 + 2 + 2 + 2 + 2 + 2 + 2 + 2 + 2 + 2 + 2 + 2 + 2 + 2 + 2 + 2 + ;;235,5346;23,23489;;5000;0
963;3911,873;;;0,4707125;0,01597904;;15;0,4866915
964;3917,845;2 + 2 + 2 + 2 + 2 + 2 + 2 + 2 + 2 + 2 + 2 + 2 + 2 + 2 + 2 + 2 + 2 + ;;234,3183;23,70102;;5000;0
965;3935,121;;;0,5501792;0,02431068;;16;0,5744898
966;3940,146;2 + 2 + 2 + 2 + 2 + 2 + 2 + 2 + 2 + 2 + 2 + 2 + 2 + 2 + 2 + 2 + 2 + 2 + ;;232,1022;24,31933;;5000;0
967;3959,649;;;0,5068339;0,02483757;;16;0,5316715
968;3964,398;2 + 2 + 2 + 2 + 2 + 2 + 2 + 2 + 2 + 2 + 2 + 2 + 2 + 2 + 2 + 2 + 2 + 2 + ;;234,6373;24,69344;;5000;0
969;3981,128;;;-0,04761845;0,01551385;;15;-0,03210459
970;3985,834;2 + 2 + 2 + 2 + 2 + 2 + 2 + 2 + 2 + 2 + 2 + 2 + 2 + 2 + 2 + 2 + ;;232,5753;22,55896;;5000;0
971;4002,048;;;0,6430216;0,02353311;;16;0,6665547
972;4008,031;2 + 2 + 2 + 2 + 2 + 2 + 2 + 2 + 2 + 2 + 2 + 2 + 2 + 2 + ;;193,5663;18,97241;;5000;0
973;4028,982;;;-0,4656272;-0,01106032;;16;-0,4766875
